TIME,BCBUTE02,BRBUFT02,BRVSLV02,BSSPFT02,BVBUTE02,CCUSMA02,CP080000,CSINFT,LOCOSTNO,PIEAMI01,SLRTCR03,XTEXVA01
1990-01-01,0.6,-2.9,23.4,28.2,3.8,33.51588616020431,53.150000000000006,50.2,101.50821474854,79.7883354423099,57.27331079422853,9.445748263118462
1990-02-01,-0.1,6.5,15.5,22.5,3.8,31.36052742996158,53.4,47.8,101.55102176542499,79.7883354423099,47.09770511299416,14.940425366291802
1990-03-01,-0.4,5.8,18.7,24.9,3.8,33.384163239585114,53.3,51.0,101.581492880072,79.7883354423099,57.32563991215513,5.04139090953863
1990-03-31,-8.045161290322582,5.219354838709678,14.441935483870969,29.25483870967742,3.8,32.63324848156178,53.20322580645162,50.322580645161295,101.5990869882891,79.7883354423099,46.85319877150427,14.553585646506761
1990-04-01,-8.3,5.2,14.3,29.4,3.8,32.60821798962767,53.2,50.3,101.599673458563,79.7883354423099,46.504117400149234,14.870658804405698
1990-04-30,-9.073333333333334,3.6533333333333333,24.643333333333334,27.273333333333333,3.8,29.647061001239965,53.49,50.39666666666667,101.60630017780203,79.7883354423099,50.49571055573179,19.336989590769466
1990-05-01,-9.1,3.6,25.0,27.2,3.8,29.544952139571425,53.5,50.4,101.606528685362,79.7883354423099,50.63335169902774,19.4910009971958
1990-05-31,-9.77741935483871,3.1161290322580646,25.0,25.554838709677423,3.8,27.022604281136285,53.59677419354839,52.23870967741935,101.6028112658875,79.7883354423099,42.40041540377244,20.73433415890661
1990-06-01,-9.8,3.1,25.0,25.5,3.8,26.938526019188448,53.6,52.3,101.602687351905,79.7883354423099,42.1259841939306,20.7757785976303
1990-06-30,-21.69,2.616666666666667,22.486666666666665,26.273333333333337,3.8,25.041346577423944,53.6,47.08,101.5885762173826,79.7883354423099,27.705911568053214,18.207372170729837
1990-07-01,-22.1,2.6,22.4,26.3,3.8,24.975926596673443,53.6,46.9,101.588089626537,79.7883354423099,27.208667684402272,18.1188064318712
1990-07-31,-23.26129032258065,-5.916129032258064,19.303225806451614,24.65483870967742,3.8,21.68250833984391,53.6,53.57741935483871,101.56028975980733,79.7883354423099,83.81821646879978,34.94224695135262
1990-08-01,-23.3,-6.2,19.2,24.6,3.8,21.572727731282924,53.6,53.8,101.559363097583,79.7883354423099,85.7052014282797,35.503028302002
1990-08-31,-24.17096774193548,-7.167741935483871,28.29677419354839,23.051612903225806,3.8,21.800222125438747,56.50322580645162,56.99354838709677,101.5138924121659,79.7883354423099,47.481535545536346,26.29873884608758
1990-09-01,-24.2,-7.2,28.6,23.0,3.8,21.807805271910606,56.6,57.1,101.512376722652,79.7883354423099,46.2074133494449,25.991929197557102
1990-09-30,-33.19,-8.07,23.67,24.74,3.8,20.248878464424795,58.001666666666665,45.21,101.44976587648443,79.7883354423099,39.71500570794239,31.252542917954937
1990-10-01,-33.5,-8.1,23.5,24.8,3.8,20.19512236761494,58.05,44.8,101.447606881789,79.7883354423099,39.49112958237333,31.433943391072102
1990-11-01,-35.0,-1.4,26.2,21.5,3.8,19.439538899429323,58.5,42.7,101.37436115003,79.7883354423099,35.188506513266425,35.3734205182376
1990-12-01,-36.2,-2.2,29.0,17.1,3.8,20.91632588824017,58.599999999999994,33.3,101.29297865289,79.7883354423099,23.807788050020864,17.6290349341189
1991-01-01,-47.5,-4.6,29.1,16.7,3.8,21.6144525907378,58.7,43.6,101.19179255971001,79.7883354423099,40.164935204700036,15.7064521930864
1991-02-01,-49.1,0.5,32.5,6.2,3.8,21.56518669064543,58.65,41.7,101.06220848342,79.7883354423099,30.772839839199197,13.1655652900417
1991-03-01,-50.6,0.1,28.1,6.6,3.8,24.441025745900735,58.699999999999996,32.4,100.913202522388,79.7883354423099,43.496880864484865,10.0839644058535
1991-03-31,-63.56774193548387,-0.1903225806451613,28.583870967741937,8.438709677419356,3.8,26.994901529145338,61.02258064516129,41.20645161290323,100.76743716378091,79.7883354423099,30.650224087814024,8.945893052998175
1991-04-01,-64.0,-0.2,28.6,8.5,3.8,27.080030721920156,61.1,41.5,100.762578318494,79.7883354423099,30.22200219525833,8.90795734123633
1991-04-30,-66.12666666666668,7.05,29.856666666666666,4.923333333333333,3.8,28.7883121635913,61.245000000000005,36.86,100.62933086483532,79.7883354423099,27.378387265218194,0.3712146561233105
1991-05-01,-66.2,7.3,29.9,4.8,3.8,28.847218420200647,61.25,36.7,100.624736125054,79.7883354423099,27.28033157797543,0.0768442187056202
1991-05-31,-68.13548387096775,7.203225806451613,29.512903225806454,6.929032258064517,3.8,32.19745291303546,61.395161290322584,36.79677419354839,100.51399459691142,79.7883354423099,23.674187524710792,-2.1807519536634836
1991-06-01,-68.2,7.2,29.5,7.0,3.8,32.30912739612996,61.4,36.8,100.51030321264,79.7883354423099,23.553982722935302,-2.25600515940912
1991-06-30,-44.903333333333336,6.8133333333333335,26.793333333333333,6.903333333333334,3.8,34.22306780194222,61.690000000000005,34.48,100.42722784874452,79.7883354423099,18.243190038599224,-1.2852385028088993
1991-07-01,-44.1,6.8,26.7,6.9,3.8,34.28906574697023,61.7,34.4,100.42436318102399,79.7883354423099,18.060059256380736,-1.25176379051234
1991-07-31,-36.16451612903226,7.47741935483871,28.829032258064515,4.57741935483871,3.8,34.79271326884357,61.748387096774195,28.012903225806454,100.37104110619819,79.7883354423099,72.26331784996042,-6.571227227370712
1991-08-01,-35.9,7.5,28.9,4.5,3.8,34.809501519572684,61.75,27.8,100.369263703704,79.7883354423099,74.07009313641306,-6.74854267526599
1991-08-31,-31.93225806451613,6.919354838709678,29.770967741935486,4.500000000000001,3.8,32.764990737638946,61.21774193548387,24.122580645161293,100.34959684315143,79.7883354423099,36.45005929813955,-9.736889648345649
1991-09-01,-31.8,6.9,29.8,4.5,3.8,32.696840378241156,61.199999999999996,24.0,100.34894128113301,79.7883354423099,35.1960581701971,-9.836501214114971
1991-09-30,-23.873333333333335,6.32,24.386666666666667,2.5666666666666664,3.8,34.04426572438577,61.345,24.87,100.36931543553756,79.7883354423099,28.062625852901466,-11.090061262331027
1991-10-01,-23.6,6.3,24.2,2.5,3.8,34.09072866735627,61.35,24.9,100.370017992586,79.7883354423099,27.81664542816713,-11.1332874708902
1991-11-01,-30.0,25.0,19.7,2.8,3.8,32.29770367319024,61.5,25.9,100.42461562779499,79.7883354423099,30.154630423101526,-11.974529191338801
1991-12-01,-42.6,25.2,14.2,3.3,3.8,29.90595384448378,61.5,30.7,100.498498308114,79.7883354423099,24.767896269140397,3.95404222036377
1992-01-01,-26.4,24.4,14.0,1.2,3.8,30.62444192253126,61.25,25.0,100.574797010236,79.7883354423099,39.18969667251793,-8.63221311201114
1992-02-01,-13.6,24.7,16.2,0.9,3.8,32.331738682825666,61.15,24.4,100.645931908811,79.7883354423099,33.035854561206094,-3.1871031115529598
1992-03-01,-7.7,24.7,18.6,3.9,3.8,31.68936264983864,61.050000000000004,25.4,100.70814405706999,79.7883354423099,34.908717067562264,-0.0681101633815297
1992-03-31,1.7838709677419355,24.603225806451615,23.24516129032258,0.3193548387096774,3.8,29.19470370101549,59.93709677419355,21.722580645161294,100.74851247983774,79.7883354423099,47.008798757240555,3.136641230021435
1992-04-01,2.1,24.6,23.4,0.2,3.8,29.111548402721386,59.9,21.6,100.74985809393,79.7883354423099,47.41213481356316,3.2434662764682
1992-04-30,-5.7299999999999995,33.97666666666667,18.566666666666666,4.6466666666666665,3.8,26.811912544899656,59.755,24.596666666666664,100.7617440345941,79.7883354423099,39.57263740438826,12.744468241468306
1992-05-01,-6.0,34.3,18.4,4.8,3.8,26.732614756698904,59.75,24.7,100.762153894617,79.7883354423099,39.30230990752016,13.072088998882101
1992-05-31,-3.8709677419354835,34.590322580645164,17.238709677419354,2.864516129032258,3.8,24.01594036926918,59.653225806451616,27.990322580645163,100.74107217436925,79.7883354423099,38.4788426444367,13.438221232757746
1992-06-01,-3.8,34.6,17.2,2.8,3.8,23.925384556354857,59.65,28.1,100.740369450361,79.7883354423099,38.45139373566725,13.4504256405536
1992-06-30,-12.403333333333332,34.79333333333334,19.81,0.77,3.8,22.13353853013803,59.36,29.84,100.66921450696964,79.7883354423099,24.571837458314896,16.856724713370383
1992-07-01,-12.7,34.8,19.9,0.7,3.8,22.071750736130554,59.35,29.9,100.666760888232,79.7883354423099,24.093232069440678,16.9741833020882
1992-07-31,-21.40967741935484,5.961290322580645,22.416129032258063,-0.1709677419354839,3.8,21.98797923821253,59.3016129032258,19.448387096774194,100.51985637325008,79.7883354423099,71.52409907311284,7.065466897403436
1992-08-01,-21.7,5.0,22.5,-0.2,3.8,21.985186854948594,59.3,19.1,100.51495955608401,79.7883354423099,73.10512797323524,6.73517635058061
1992-08-31,-26.34516129032258,3.354838709677419,19.306451612903228,-3.8774193548387097,3.8,25.40759289580484,58.62258064516129,20.45483870967742,100.27474171541272,79.7883354423099,37.359669610779406,11.245707762446603
1992-09-01,-26.5,3.3,19.2,-4.0,3.8,25.521673097166712,58.6,20.5,100.266734454057,79.7883354423099,36.16815433203088,11.396058809508801
1992-09-30,-19.44333333333333,1.6566666666666667,22.19666666666667,-4.386666666666668,3.8,32.076195814692156,58.06833333333333,28.523333333333333,99.94759812111292,79.7883354423099,39.013456345215914,1.9327754005997382
1992-10-01,-19.2,1.6,22.3,-4.4,3.8,32.30221383943441,58.05,28.8,99.9365934199769,79.7883354423099,39.11157020773954,1.6064552830511498
1992-11-01,-21.9,12.0,16.5,-1.2,3.8,39.002326818506056,57.75,27.3,99.5797698477631,79.7883354423099,37.559886247181005,-7.365315234381349
1992-12-01,-28.5,11.4,11.1,2.6,3.8,38.89639581062407,57.75,27.7,99.2473952680788,79.7883354423099,45.38738019348193,-11.284347953571698
1993-01-01,-11.9,10.5,13.5,1.7,3.8,39.488581907851966,58.35,24.0,98.9579013257958,79.7883354423099,47.53699552994116,0.9793104343448521
1993-02-01,2.0,23.4,8.2,12.2,3.8,43.51474539905337,58.849999999999994,28.0,98.72405265043591,79.7883354423099,46.20841351465457,-8.50566301030361
1993-03-01,-3.0,23.5,5.7,11.7,3.8,41.01209385022539,59.4,34.9,98.56449894458858,79.7883354423099,50.14827036025113,-3.93904568237355
1993-03-31,0.19354838709677422,23.596774193548388,3.3774193548387097,8.022580645161291,3.8,37.798974157539625,59.4483870967742,33.64193548387097,98.48134920524143,79.7883354423099,42.6614899257797,-6.050399943629299
1993-04-01,0.3,23.6,3.3,7.9,3.8,37.691870167783435,59.45,33.6,98.4785775472632,79.7883354423099,42.41193057796398,-6.12077841900449
1993-04-30,-1.44,30.946666666666665,6.2,10.22,3.8,38.72727580156779,59.498333333333335,36.69333333333333,98.45035381771073,79.7883354423099,47.12544110437483,-9.402124396373994
1993-05-01,-1.5,31.2,6.3,10.3,3.8,38.76297944411208,59.5,36.8,98.4493805856572,79.7883354423099,47.28797595011313,-9.515274257662599
1993-05-31,1.7903225806451613,31.9741935483871,14.041935483870969,11.074193548387097,3.8,41.51619339265399,56.98387096774194,36.219354838709684,98.45412006265336,79.7883354423099,42.66268574117297,-8.96728375085503
1993-06-01,1.9,32.0,14.3,11.1,3.8,41.607967190938716,56.900000000000006,36.2,98.4542780452199,79.7883354423099,42.50850940087496,-8.94901740062811
1993-06-30,-1.0966666666666667,32.38666666666667,12.173333333333334,5.590000000000001,3.8,43.58831380407187,58.25333333333333,35.233333333333334,98.47259336456102,79.7883354423099,33.025084003771894,-16.267117341593412
1993-07-01,-1.2,32.4,12.1,5.4,3.8,43.65660161831784,58.3,35.2,98.47322492729691,79.7883354423099,32.69806933490627,-16.5194656154198
1993-07-31,-0.13548387096774195,39.07741935483871,10.164516129032258,4.916129032258064,3.8,44.387941044211715,58.44516129032259,34.52258064516129,98.48630366337918,79.7883354423099,94.17041496576171,-7.762984351920704
1993-08-01,-0.1,39.3,10.1,4.9,3.8,44.412319025074844,58.45,34.5,98.48673962124859,79.7883354423099,96.21949315345688,-7.4711016431374
1993-08-31,-4.454838709677419,40.0741935483871,12.422580645161291,7.609677419354839,3.8,40.74708431435134,58.54677419354838,34.693548387096776,98.48283356530237,79.7883354423099,50.23449982657874,-6.813474595556384
1993-09-01,-4.6,40.1,12.5,7.7,3.8,40.62490982399389,58.55,34.7,98.4827033634375,79.7883354423099,48.7016667156828,-6.79155369397035
1993-09-30,-5.276666666666666,40.583333333333336,10.759999999999998,1.8033333333333335,3.8,37.52918860875227,58.55,43.98,98.45461343588863,79.7883354423099,49.25903023766037,0.1802047121732221
1993-10-01,-5.3,40.6,10.7,1.6,3.8,37.42243960133014,58.55,44.3,98.4536448176973,79.7883354423099,49.2782496694527,0.4206101744540349
1993-11-01,-1.0,37.2,11.4,7.1,3.8,35.697968068054465,58.95,40.2,98.4045330209057,79.7883354423099,51.108667151405506,0.3005207817918
1993-12-01,-9.7,37.8,12.0,-1.6,3.8,35.76441440305964,58.85,41.8,98.34878875646099,79.7883354423099,32.50002125338136,-1.56310878255012
1994-01-01,-1.3,38.2,16.2,3.8,3.8,35.184943756078404,55.85,36.1,98.3009533863299,79.7883354423099,63.15279342524584,7.884621767835599
1994-02-01,1.4,31.1,15.2,2.9,3.8,33.72635473792672,55.25,37.7,98.26768991576651,79.7883354423099,51.45113611910983,9.74606580834424
1994-03-01,8.2,31.2,12.9,4.9,3.8,33.666176319554566,52.949999999999996,40.1,98.2595701226766,79.7883354423099,57.40385886034563,11.8035674075686
1994-03-31,9.458064516129031,31.103225806451615,11.835483870967742,-1.970967741935484,3.8,35.88589959209533,53.337096774193554,39.22903225806452,98.28238483900977,79.7883354423099,47.453056197686024,9.903591859902953
1994-04-01,9.5,31.1,11.8,-2.2,3.8,35.95989036784669,53.35,39.2,98.2831453295542,79.7883354423099,47.12136277559737,9.84025934164743
1994-04-30,12.4,21.046666666666663,10.93,5.92,3.8,35.120632032638404,53.39833333333333,36.20333333333333,98.34016951349463,79.7883354423099,50.351008220755816,6.190095175811608
1994-05-01,12.5,20.7,10.9,6.2,3.8,35.091692090045015,53.4,36.1,98.342135864665,79.7883354423099,50.462375305071625,6.064227445955201
1994-05-31,14.435483870967742,20.603225806451615,10.416129032258064,14.909677419354837,3.8,33.34016079490024,54.41612903225806,36.19677419354839,98.44059657933003,79.7883354423099,50.80869682335878,15.712735726597133
1994-06-01,14.5,20.6,10.4,15.2,3.8,33.28177641839542,54.45,36.2,98.4438786031522,79.7883354423099,50.82024087396835,16.034352669285198
1994-06-30,9.86,20.696666666666665,11.753333333333334,14.04,3.8,32.128850875329036,53.434999999999995,36.00666666666666,98.58830095280895,79.7883354423099,30.440473488284542,18.92302945554724
1994-07-01,9.7,20.7,11.8,14.0,3.8,32.08909482211985,53.4,36.0,98.5932810338316,79.7883354423099,29.737722888778205,19.0226389999011
1994-07-31,2.2483870967741937,30.66774193548387,11.316129032258067,19.806451612903228,3.8,32.1265549528196,53.4,36.96774193548387,98.77913790120175,79.7883354423099,91.67325912874874,20.276605819722743
1994-08-01,2.0,31.0,11.3,20.0,3.8,32.12780362384293,53.4,37.0,98.7853331301141,79.7883354423099,93.73777700341442,20.3184047137168
1994-08-31,5.870967741935484,31.193548387096776,12.945161290322583,21.354838709677416,3.8,31.925714705524072,52.77096774193548,36.32258064516129,98.99633021671983,79.7883354423099,49.88442399450757,18.791977822013315
1994-09-01,6.0,31.2,13.0,21.4,3.8,31.918978408246776,52.75,36.3,99.00336345294001,79.7883354423099,48.422645560877335,18.7410969256232
1994-09-30,-2.603333333333333,31.49,13.386666666666667,21.69,3.8,29.924016496558345,50.623333333333335,33.20666666666667,99.22395924131212,79.7883354423099,41.510336775374874,21.477446469838778
1994-10-01,-2.9,31.5,13.4,21.7,3.8,29.855224706500124,50.550000000000004,33.1,99.23156599263528,79.7883354423099,41.27198130001272,21.5718033506738
1994-11-01,-3.5,23.9,18.8,22.9,3.8,30.031911635767553,50.4,35.4,99.4556993654936,79.7883354423099,42.77140484777491,31.7250474977522
1994-12-01,-5.9,24.0,17.5,21.7,3.8,31.436430513314118,50.4,44.5,99.663560826714,79.7883354423099,34.730871106000485,20.788735528301398
1995-01-01,-10.7,24.0,20.7,25.7,3.8,30.865873697580614,51.65,38.1,99.8413667140023,79.7883354423099,51.16964185772832,22.142291378695898
1995-02-01,-8.1,11.5,17.8,30.0,3.8,30.615666080471225,52.05,41.8,99.9807165081226,79.7883354423099,48.002570668616876,26.6206348315712
1995-03-01,0.3,11.1,17.0,29.7,3.8,29.76679990185195,53.400000000000006,39.0,100.08108284033199,79.7883354423099,52.07358803052472,26.101421982747897
1995-03-31,-8.990322580645163,10.80967741935484,17.677419354838708,21.861290322580647,3.8,29.357984712883365,53.400000000000006,39.09677419354839,100.14953070482974,79.7883354423099,44.460838034828036,23.199071803840873
1995-04-01,-9.3,10.8,17.7,21.6,3.8,29.34435753991774,53.4,39.1,100.151812300313,79.7883354423099,44.20707970163814,23.102326797877303
1995-04-30,-8.333333333333334,7.416666666666667,17.99,23.339999999999996,3.8,30.538165547648337,53.545,37.553333333333335,100.20015606187813,79.7883354423099,48.02144126008851,23.050508673004565
1995-05-01,-8.3,7.3,18.0,23.4,3.8,30.579331341018356,53.55,37.5,100.201823088139,79.7883354423099,48.152970969000584,23.0487218411124
1995-05-31,-8.396774193548387,6.816129032258065,18.967741935483872,23.593548387096774,3.8,30.679963857372083,53.40483870967742,28.112903225806456,100.23563275563352,79.7883354423099,45.005602660807064,18.67655322911021
1995-06-01,-8.4,6.8,19.0,23.6,3.8,30.683318274583872,53.4,27.8,100.23675974455,79.7883354423099,44.90069038386728,18.5308142753768
1995-06-30,-12.75,6.026666666666666,16.873333333333335,22.633333333333333,3.8,31.08225937159001,51.031666666666666,27.41333333333333,100.25854767310481,79.7883354423099,31.050069655003774,17.18435422282533
1995-07-01,-12.9,6.0,16.8,22.6,3.8,31.096015961141948,50.949999999999996,27.4,100.259298980986,79.7883354423099,30.572462043663652,17.137924565840798
1995-07-31,-13.28709677419355,18.19354838709678,20.477419354838712,20.470967741935485,3.8,32.16063689336939,51.04677419354839,31.948387096774194,100.26409121040729,79.7883354423099,94.72461959120275,11.745321407880768
1995-08-01,-13.3,18.6,20.6,20.4,3.8,32.19612425777697,51.050000000000004,32.1,100.264250951388,79.7883354423099,96.8630248427874,11.5655679692821
1995-08-31,-16.203225806451613,19.470967741935485,20.30967741935484,16.43225806451613,3.8,32.96052685902392,51.29193548387097,32.19677419354839,100.24856769924155,79.7883354423099,47.094170013531325,17.145202689864874
1995-09-01,-16.3,19.5,20.3,16.3,3.8,32.98600694573215,51.300000000000004,32.2,100.24804492417,79.7883354423099,45.43520818588945,17.3311905138843
1995-09-30,-12.626666666666667,20.273333333333333,20.783333333333335,15.139999999999999,3.8,33.02230947679802,52.55666666666667,30.073333333333334,100.21076146941971,79.7883354423099,48.881986033590465,8.288114249737966
1995-10-01,-12.5,20.3,20.8,15.1,3.8,33.02356128821408,52.6,30.0,100.209475833049,79.7883354423099,49.00084044213188,7.976284033732919
1995-11-01,-15.3,25.1,14.0,17.8,3.8,33.34238642909173,52.5,29.8,100.14710684072399,79.7883354423099,48.58917381263797,11.774940848872399
1995-12-01,-20.9,25.8,18.8,14.7,3.8,33.67129797844207,52.699999999999996,31.5,100.06440429638901,79.7883354423099,38.517320219919334,14.1910031412933
1996-01-01,-14.2,26.5,16.4,10.9,3.8,34.479155286139516,52.15,30.5,99.96923381096458,79.7883354423099,53.96837304503337,7.698236966744469
1996-02-01,-13.3,28.5,23.6,9.7,3.8,34.12277169292611,52.15,22.0,99.8700172651787,79.7883354423099,51.48308947796977,7.131645449267861
1996-03-01,-15.2,29.4,12.7,12.7,3.8,35.16662194999706,51.949999999999996,25.7,99.776835771856,79.7883354423099,53.00143093006488,6.360002063036441
1996-03-31,-17.425806451612907,30.46451612903226,16.183870967741935,11.538709677419355,3.8,35.81814619153713,51.85322580645161,25.31290322580645,99.69876995771818,79.7883354423099,56.0435683627877,5.587051475781137
1996-04-01,-17.5,30.5,16.3,11.5,3.8,35.839863666255134,51.85,25.3,99.69616776391359,79.7883354423099,56.144972943878464,5.56128645620596
1996-04-30,-1.8400000000000003,31.466666666666665,19.683333333333334,6.763333333333334,3.8,35.401461541297415,51.995,26.363333333333333,99.63337347014354,79.7883354423099,52.36908631404326,6.862351141436995
1996-05-01,-1.3,31.5,19.8,6.6,3.8,35.3863442266437,52.0,26.4,99.63120814966871,79.7883354423099,52.23888332680756,6.90721544092772
1996-05-31,0.6354838709677418,31.403225806451612,10.993548387096773,6.4064516129032265,3.8,34.403870569810586,51.951612903225815,23.206451612903226,99.58604535442146,79.7883354423099,48.38230068966225,5.704316199557788
1996-06-01,0.7,31.4,10.7,6.4,3.8,34.371121447916146,51.95,23.1,99.58453992791321,79.7883354423099,48.253747935090736,5.6642195581787895
1996-06-30,-2.973333333333333,30.336666666666666,14.180000000000001,1.9533333333333334,3.8,33.89392496747036,52.723333333333336,22.71333333333333,99.56616572930639,79.7883354423099,34.70152899453858,6.344840872441271
1996-07-01,-3.1,30.3,14.3,1.8,3.8,33.8774699164205,52.75,22.7,99.565532136251,79.7883354423099,34.23421110003678,6.36831057293308
1996-07-31,-1.5516129032258066,41.71935483870968,12.170967741935483,4.219354838709677,3.8,33.45103121115256,52.79838709677419,23.667741935483868,99.5812456031031,79.7883354423099,97.18458782210664,9.209750883360753
1996-08-01,-1.5,42.1,12.1,4.3,3.8,33.436816587643634,52.8,23.7,99.5817693853315,79.7883354423099,99.2829337128423,9.304465560375009
1996-08-31,-7.983870967741935,42.8741935483871,11.616129032258065,5.65483870967742,3.8,32.89128787441466,52.8,22.73225806451613,99.63131397453543,79.7883354423099,47.53714914961909,4.669852566512372
1996-09-01,-8.2,42.9,11.6,5.7,3.8,32.873103583973695,52.8,22.7,99.63296546084221,79.7883354423099,45.812289664178316,4.51536546671695
1996-09-30,-2.8833333333333337,43.093333333333334,16.82,7.053333333333334,3.8,32.18829321921092,50.77,19.8,99.70869162788335,79.7883354423099,52.60133976191727,12.719117181477447
1996-10-01,-2.7,43.1,17.0,7.1,3.8,32.16467906870186,50.7,19.7,99.7113028750227,79.7883354423099,52.83544493770137,13.002005171641601
1996-11-01,-1.1,45.7,13.1,5.8,3.8,28.827423203570678,50.8,22.5,99.80010569687781,79.7883354423099,46.3707212900274,10.7212186689221
1996-12-01,0.3,46.2,20.1,9.8,3.8,28.314997910429497,50.7,26.9,99.87945362992821,79.7883354423099,38.027891439034434,10.2589077414138
1997-01-01,3.6,48.9,16.3,7.0,3.8,28.302093999699654,50.25,28.4,99.94457869387709,79.7883354423099,60.662099355685335,15.944574043746199
1997-02-01,3.3,39.0,16.5,0.5,3.4,29.712842830201826,50.199999999999996,27.3,100.00350898895,79.7883354423099,51.048556091356026,10.3282075398552
1997-03-01,-0.4,34.5,17.8,5.4,3.7,30.138791560141414,49.65,24.6,100.07170440614401,79.7883354423099,54.05064593962752,4.80611568758807
1997-03-31,4.3419354838709685,34.016129032258064,21.574193548387097,2.0129032258064514,13.764516129032257,29.14211980490035,49.69838709677419,27.503225806451614,100.15715350018915,79.7883354423099,57.654897080121174,10.381270756957004
1997-04-01,4.5,34.0,21.7,1.9,14.1,29.108897413058983,49.699999999999996,27.6,100.160001803324,79.7883354423099,57.77503878480429,10.567109259269301
1997-04-30,-2.3633333333333337,34.0,17.446666666666665,6.83,14.293333333333335,28.985220240856435,49.55500000000001,21.220000000000002,100.2674420443921,79.7883354423099,54.24371107577888,9.230254937814607
1997-05-01,-2.6,34.0,17.3,7.0,14.3,28.980955510780486,49.550000000000004,21.0,100.271146880291,79.7883354423099,54.121941154778,9.184156512936859
1997-05-31,0.20645161290322583,31.096774193548388,20.493548387096777,1.0,13.816129032258065,28.99357617610499,49.211290322580645,25.64516129032258,100.39932215773779,79.7883354423099,52.48612360705213,9.034353757720083
1997-06-01,0.3,31.0,20.6,0.8,13.8,28.99399686494914,49.199999999999996,25.8,100.40359466698601,79.7883354423099,52.43159635546126,9.02936033254619
1997-06-30,-2.31,29.259999999999998,17.41,2.3466666666666667,23.66,28.397476273179095,49.635,34.596666666666664,100.54407267663672,79.7883354423099,33.11718085175048,12.243075839843497
1997-07-01,-2.4,29.2,17.3,2.4,24.0,28.37690659760082,49.65,34.9,100.548916745935,79.7883354423099,32.45116652403632,12.353893615957197
1997-07-31,-8.10967741935484,29.683870967741935,25.332258064516132,2.4000000000000004,24.580645161290324,30.773326224314115,49.843548387096774,35.28709677419354,100.68646777384532,79.7883354423099,108.5659452743371,5.928305671195654
1997-08-01,-8.3,29.7,25.6,2.4,24.6,30.85320687853789,49.85,35.3,100.69105280810899,79.7883354423099,111.10310456601378,5.714119406370269
1997-08-31,4.087096774193549,33.86129032258065,23.27741935483871,3.7548387096774194,24.793548387096774,31.13391256475279,50.23709677419355,32.68709677419355,100.81495630945739,79.7883354423099,59.96789688205464,3.26627619952946
1997-09-01,4.5,34.0,23.2,3.8,24.8,31.143269420959953,50.25,32.6,100.819086426169,79.7883354423099,58.263389959255996,3.1846814259680998
1997-09-30,5.370000000000001,32.93666666666667,21.073333333333334,4.766666666666667,26.540000000000003,30.464955224515805,51.12,29.7,100.92559670788303,79.7883354423099,52.92515394241571,2.394452410572908
1997-10-01,5.4,32.9,21.0,4.8,26.6,30.441565079810832,51.15,29.6,100.929269476218,79.7883354423099,52.74107683838673,2.36720313417997
1997-11-01,7.0,28.5,20.5,-0.6,26.8,29.827217711498296,50.95,28.6,101.019462270558,79.7883354423099,55.5657958721501,0.139689940180517
1997-12-01,3.4,27.7,18.9,0.9,26.9,31.01103664740531,50.95,26.0,101.085218006013,79.7883354423099,45.61665513406947,6.72590571506231
1998-01-01,5.2,30.4,14.2,-6.7,7.8,31.741453702142163,50.949999999999996,31.3,101.12889900135201,79.7883354423099,67.20144145142702,-7.1145764346600995
1998-02-01,1.7,11.9,15.5,-7.1,7.4,30.938311994969027,50.6,29.5,101.160667518631,79.7883354423099,59.1225799703984,-2.92870497576265
1998-03-01,-7.9,24.0,15.5,-5.9,7.7,29.793398906869584,50.85,29.5,101.18904722521201,79.7883354423099,67.2316400614395,0.957923889786668
1998-03-31,0.03548387096774197,25.161290322580644,18.016129032258068,-5.319354838709677,20.570967741935487,29.79069797076967,50.80161290322581,29.983870967741936,101.21638397594651,79.7883354423099,53.4701688616567,-3.717675365733337
1998-04-01,0.3,25.2,18.1,-5.3,21.0,29.79060793956634,50.800000000000004,30.0,101.217295200971,79.7883354423099,53.01145315499728,-3.8735286742506703
1998-04-30,-2.6966666666666668,22.78333333333333,17.52,-10.616666666666667,21.096666666666668,31.261080805464356,50.655,28.453333333333333,101.24272043315666,79.7883354423099,55.46400720192126,-4.017912242939045
1998-05-01,-2.8,22.7,17.5,-10.8,21.1,31.31178676635739,50.65,28.4,101.243597165301,79.7883354423099,55.548578031125544,-4.02289098668692
1998-05-31,-6.670967741935484,11.764516129032259,17.20967741935484,-16.025806451612905,20.229032258064514,30.9976325649014,50.74677419354839,35.36774193548387,101.25790613982069,79.7883354423099,58.345674127910534,-3.138866669412646
1998-06-01,-6.8,11.4,17.2,-16.2,20.2,30.987160758186203,50.75,35.6,101.258383105638,79.7883354423099,58.438910664470036,-3.10939919217017
1998-06-30,-5.156666666666666,4.053333333333334,22.613333333333333,-9.239999999999998,5.023333333333333,31.695517921770524,50.315,35.6,101.24156164574417,79.7883354423099,37.896338624160016,-8.791133891672892
1998-07-01,-5.1,3.8,22.8,-9.0,4.5,31.719944030859637,50.3,35.6,101.240981595403,79.7883354423099,37.18797407104588,-8.98705577786264
1998-07-31,-7.616129032258065,6.509677419354839,24.83225806451613,-13.35483870967742,5.080645161290323,30.81440329702872,49.18709677419355,34.34193548387097,101.17426034943237,79.7883354423099,101.82376827632409,-4.464324479321143
1998-08-01,-7.7,6.6,24.9,-13.5,5.1,30.78421860590102,49.15,34.3,101.17203630790002,79.7883354423099,103.97829474983337,-4.31356676936976
1998-08-31,-2.4741935483870967,1.2774193548387098,24.803225806451614,-10.596774193548388,5.293548387096774,28.9603767385307,48.85967741935484,31.59032258064516,101.04518144858258,79.7883354423099,56.57993237403673,-2.92364272368307
1998-09-01,-2.3,1.1,24.8,-10.5,5.3,28.899582009618356,48.85,31.5,101.040952953272,79.7883354423099,54.99998696151017,-2.8773119221601804
1998-09-30,-5.1033333333333335,-24.130000000000003,22.963333333333335,-15.816666666666666,-6.783333333333333,29.017903930481896,48.946666666666665,23.09,100.85450236682611,79.7883354423099,51.32404034556627,-4.1791894921901855
1998-10-01,-5.2,-25.0,22.9,-16.0,-7.2,29.02198399671857,48.95,22.8,100.84807303625901,79.7883354423099,51.19728356570614,-4.22408182219122
1998-11-01,-2.0,17.9,21.9,-25.8,-7.2,31.390696582567898,48.75,19.0,100.60137291084101,79.7883354423099,51.81146581048106,-7.67531214277135
1998-12-01,-5.7,-19.8,19.7,-27.3,-7.3,30.453143200521154,48.75,17.3,100.317941422083,79.7883354423099,46.05930511960767,-10.8934873508111
1999-01-01,-5.3,-9.1,21.2,-28.2,10.8,30.773402855270778,48.849999999999994,15.5,100.02896411183501,79.7883354423099,56.734259589853274,-6.725436453009371
1999-02-01,-3.7,2.4,19.6,-22.8,10.4,31.765957138378663,48.9,15.2,99.7701225364024,79.7883354423099,43.18920316332835,-7.71817095863111
1999-03-01,-6.1,6.9,18.0,-25.4,10.6,32.433442905804604,48.85,14.0,99.5681305106782,79.7883354423099,81.51861699769802,-5.385235814438389
1999-03-31,-8.80967741935484,6.125806451612903,22.935483870967744,-16.303225806451614,-12.335483870967742,33.097087485980644,48.55967741935484,14.870967741935484,99.43735758245155,79.7883354423099,58.48429133360197,-8.874727990685768
1999-04-01,-8.9,6.1,23.1,-16.0,-13.1,33.11920897198651,48.55,14.9,99.43299848484399,79.7883354423099,57.7164804781321,-8.99104439656068
1999-04-30,-4.9366666666666665,9.386666666666667,21.456666666666663,-18.99666666666667,-12.906666666666668,32.19594220623998,48.114999999999995,22.343333333333334,99.36837825535119,79.7883354423099,53.96372088026791,-3.053647960366874
1999-05-01,-4.8,9.5,21.4,-19.1,-12.9,32.16410542121424,48.099999999999994,22.6,99.36614997157558,79.7883354423099,53.83431537689328,-2.8489101522222597
1999-05-31,-1.0258064516129033,6.887096774193549,21.883870967741935,-12.712903225806453,-13.674193548387096,33.27636017495955,47.71290322580645,16.89032258064516,99.36400354922422,79.7883354423099,55.821876140603855,-6.101112060523937
1999-06-01,-0.9,6.8,21.9,-12.5,-13.7,33.31343533341772,47.699999999999996,16.7,99.3639320018125,79.7883354423099,55.88812816606087,-6.20951879080066
1999-06-30,-3.3166666666666664,25.746666666666666,17.84,-16.173333333333336,2.636666666666667,33.96845806585535,47.45833333333334,17.666666666666664,99.42466022275624,79.7883354423099,54.624991030508355,-1.761334470705788
1999-07-01,-3.4,26.4,17.7,-16.3,3.2,33.99104505662906,47.45,17.7,99.4267542993405,79.7883354423099,54.58143457755826,-1.60794880449562
1999-07-31,2.890322580645161,15.851612903225806,22.44193548387097,-11.654838709677419,3.8774193548387097,32.52334554392029,48.03064516129032,15.667741935483871,99.54725387175111,79.7883354423099,42.0608460551795,6.99410234970067
1999-08-01,3.1,15.5,22.6,-11.5,3.9,32.47442222683,48.05,15.6,99.55127052416479,79.7883354423099,41.643493104433546,7.28083738817388
1999-08-31,-0.1903225806451613,24.112903225806452,21.34193548387097,-11.403225806451614,3.9967741935483874,32.7130048680164,47.711290322580645,22.470967741935485,99.71803082044667,79.7883354423099,86.14187647503435,5.764859357456676
1999-09-01,-0.3,24.4,21.3,-11.4,4.0,32.720957622722615,47.7,22.7,99.7235894969894,79.7883354423099,87.62515592072104,5.7143267564327695
1999-09-30,3.7600000000000002,12.993333333333332,18.786666666666665,-10.626666666666667,12.409999999999998,31.712893587992802,46.201666666666675,15.45,99.91279503149147,79.7883354423099,52.84752306253659,5.834809038115871
1999-10-01,3.9,12.6,18.7,-10.6,12.7,31.678132759209017,46.150000000000006,15.2,99.91931936026741,79.7883354423099,51.648294343288846,5.83896359955322
1999-11-01,1.8,18.2,22.9,-6.0,12.8,32.50286440135374,46.45,23.6,100.105435207289,79.7883354423099,44.78602129432543,6.2462608945541795
1999-12-01,-4.9,27.9,16.0,-11.9,12.7,32.949361623616056,46.95,17.1,100.27280890635099,79.7883354423099,20.516668776396,4.02135368659287
2000-01-01,-1.3,18.0,20.3,-8.1,14.8,31.46813379592612,46.95,17.9,100.41441916207701,79.7883354423099,58.616653337960976,12.6897499022276
2000-02-01,-7.6,29.1,16.1,-5.8,15.2,32.59110279669144,46.5,23.0,100.52821960633301,79.7883354423099,31.258775456559434,11.3880346236587
2000-03-01,-2.9,19.8,20.3,-12.9,16.3,33.27034896444152,46.25,20.3,100.614725696992,79.7883354423099,91.77946777170717,9.51650664969223
2000-03-31,-4.932258064516129,21.929032258064517,26.10645161290323,-12.512903225806452,19.783870967741937,33.023508102453185,45.814516129032256,18.75161290322581,100.67587919150685,79.7883354423099,54.73086656490668,13.952242515477558
2000-04-01,-5.0,22.0,26.3,-12.5,19.9,33.01528007372024,45.8,18.7,100.677917641324,79.7883354423099,53.49591319134666,14.100100377670401
2000-04-30,-3.2600000000000002,20.066666666666666,20.886666666666663,-15.786666666666667,20.28666666666667,36.1896960534349,45.654999999999994,23.243333333333332,100.7193136651196,79.7883354423099,60.680659592738586,4.5028841052447595
2000-05-01,-3.2,20.0,20.7,-15.9,20.3,36.29915867342506,45.65,23.4,100.720741114216,79.7883354423099,60.928409468648645,4.17194561309215
2000-05-31,-5.135483870967742,27.838709677419356,21.76451612903226,-13.867741935483872,18.94516129032258,35.79968427766527,45.69838709677419,20.980645161290322,100.74656289109211,79.7883354423099,56.15923941482643,12.311640110260006
2000-06-01,-5.2,28.1,21.8,-13.8,18.9,35.78303513113994,45.7,20.9,100.74742361698799,79.7883354423099,56.00026707969902,12.5829632601656
2000-06-30,-4.619999999999999,12.440000000000001,22.283333333333335,-10.32,0.14666666666666656,35.462798375626484,46.763333333333335,24.669999999999998,100.76273048404599,79.7883354423099,49.470500221736486,4.526178913050239
2000-07-01,-4.6,11.9,22.3,-10.2,-0.5,35.45175572888464,46.800000000000004,24.8,100.76325830704799,79.7883354423099,49.245335847323986,4.248358763149709
2000-07-31,-7.116129032258065,19.738709677419354,16.10645161290323,-11.264516129032259,-0.5967741935483871,37.01346748897967,44.767741935483876,22.47741935483871,100.76983312821157,79.7883354423099,37.63702430530979,2.0288754279023
2000-08-01,-7.2,20.0,15.9,-11.3,-0.6,37.0655245476495,44.7,22.4,100.77005228891701,79.7883354423099,37.25008058724264,1.9548926500607198
2000-08-31,-7.974193548387097,25.516129032258064,12.996774193548388,-14.3,-0.9870967741935485,40.10122863993273,44.216129032258074,28.400000000000002,100.76530590124635,79.7883354423099,77.11120502856453,-3.1385543360584864
2000-09-01,-8.0,25.7,12.9,-14.4,-1.0,40.20241877634217,44.2,28.6,100.76514768832399,79.7883354423099,78.4399091766086,-3.30833590226246
2000-09-30,-5.1,33.24,18.99,-10.726666666666667,3.4466666666666668,40.0580084790108,44.82833333333333,28.21333333333333,100.74572999188335,79.7883354423099,52.628247380838516,-2.3712980138234045
2000-10-01,-5.0,33.5,19.2,-10.6,3.6,40.053028813585584,44.849999999999994,28.2,100.74506041614401,79.7883354423099,51.738190077536096,-2.33898636249792
2000-11-01,-1.6,11.3,13.1,-10.6,3.0,40.38579849840379,45.050000000000004,29.7,100.70751843541599,79.7883354423099,58.7423627479125,1.2357474812445601
2000-12-01,0.6,35.5,15.6,-5.6,2.2,38.30886865834974,43.699999999999996,24.8,100.65252106215901,79.7883354423099,52.52901168933894,6.026888986437019
2001-01-01,0.2,33.4,10.8,0.3,7.3,38.37830735785448,40.949999999999996,23.7,100.58237115474701,79.7883354423099,57.50425340091491,1.7131167217153
2001-02-01,-1.8,36.6,16.6,-10.4,7.3,38.680538162906934,40.300000000000004,22.7,100.49913915081699,79.7883354423099,44.86376212828544,5.03855927115721
2001-03-01,0.6,31.3,13.0,-12.6,5.7,38.66989732335793,39.1,30.2,100.404515556975,79.7883354423099,92.99582409925989,-2.7473441012685402
2001-03-31,-0.2709677419354839,23.0741935483871,10.000000000000002,-10.95483870967742,0.8612903225806451,39.08490268372175,39.148387096774194,28.941935483870967,100.30521938215307,79.7883354423099,60.14646117943054,-4.5895861360022625
2001-04-01,-0.3,22.8,9.9,-10.9,0.7,39.09873619573387,39.15,28.9,100.301909509659,79.7883354423099,59.051482415436226,-4.65099420382672
2001-04-30,0.47333333333333333,28.310000000000002,9.706666666666667,-5.68,-2.2966666666666664,37.88989107460936,39.68166666666667,32.38,100.19441553489884,79.7883354423099,61.7143568648953,-1.7340607112064985
2001-05-01,0.5,28.5,9.7,-5.5,-2.4,37.84820676008783,39.7,32.5,100.190708846114,79.7883354423099,61.806180121773195,-1.6334767976678701
2001-05-31,-1.7258064516129032,30.241935483870968,6.119354838709677,-11.016129032258064,4.858064516129033,39.070921458907904,39.55483870967742,32.20967741935484,100.06907159659787,79.7883354423099,67.16494392596753,-5.254102651410454
2001-06-01,-1.8,30.3,6.0,-11.2,5.1,39.11167861553524,39.55,32.2,100.065017021614,79.7883354423099,67.34356938610733,-5.37479017986854
2001-06-30,1.39,30.88,12.476666666666665,-13.133333333333333,7.42,38.44020834031987,39.985,14.606666666666667,99.91705541437146,79.7883354423099,59.59678189458189,-3.981459946031019
2001-07-01,1.5,30.9,12.7,-13.2,7.5,38.417054192898654,40.0,14.0,99.91195328998378,79.7883354423099,59.32965129142584,-3.9334140758986904
2001-07-31,8.951612903225806,31.480645161290322,13.667741935483871,-11.941935483870969,-1.403225806451613,36.871375126661775,42.32258064516129,15.161290322580644,99.72988696353391,79.7883354423099,43.68089497701807,-7.907406945112777
2001-08-01,9.2,31.5,13.7,-11.9,-1.7,36.81985249112054,42.4,15.2,99.72381808598558,79.7883354423099,43.15926976653781,-8.03987337408658
2001-08-31,-0.5741935483870968,9.629032258064516,12.538709677419355,-11.416129032258066,-4.796774193548387,34.35473445392181,42.78709677419354,13.458064516129033,99.51793069593441,79.7883354423099,108.73693158781315,-1.7163411987504475
2001-09-01,-0.9,8.9,12.5,-11.4,-4.9,34.27256385268185,42.8,13.4,99.5110677829327,79.7883354423099,110.92285364852232,-1.50555679290591
2001-09-30,-3.1233333333333335,12.863333333333333,19.55666666666667,-19.71333333333333,-9.733333333333334,35.27870765236112,43.38,22.87333333333333,99.30444779916769,79.7883354423099,69.048279219985,-2.5556374626910565
2001-10-01,-3.2,13.0,19.8,-20.0,-9.9,35.313402266143164,43.4,23.2,99.2973229721413,79.7883354423099,67.60432837762166,-2.59184714095951
2001-11-01,-4.2,12.0,22.9,-25.8,-9.7,35.51740546299571,42.9,15.3,99.1141705922222,79.7883354423099,66.3660520601332,-8.82653976793775
2001-12-01,3.2,33.4,20.0,-27.9,-7.9,36.13019358658808,43.5,17.8,98.9914841338221,79.7883354423099,53.90921717925306,-14.2586663975718
2002-01-01,-4.8,22.0,18.5,-27.9,-8.6,36.862201128470375,44.6,19.2,98.93032957395191,79.7883354423099,67.80291670527522,-10.1163812162361
2002-02-01,-1.6,29.2,25.6,-21.5,-9.1,36.691513514073044,45.349999999999994,19.1,98.9192813167254,79.7883354423099,54.378385082760474,-9.82195817546365
2002-03-01,2.4,28.8,22.0,-16.5,-1.7,36.493547609733355,45.55,19.6,98.94032208208759,79.7883354423099,99.79860704224454,-2.59762247743721
2002-03-31,4.72258064516129,28.89677419354839,13.67741935483871,-10.112903225806452,3.5258064516129037,35.36291582684733,45.79193548387097,21.148387096774194,98.97102477516628,79.7883354423099,70.0160988741072,-0.46751851746562123
2002-04-01,4.8,28.9,13.4,-9.9,3.7,35.325228100751126,45.800000000000004,21.2,98.97204819826891,79.7883354423099,69.02334860183596,-0.39651505213323496
2002-04-30,-5.156666666666666,25.710000000000004,22.583333333333332,-9.126666666666667,-3.453333333333333,34.39516919883,45.41333333333333,19.846666666666668,98.99687273020315,79.7883354423099,66.57503768155894,11.881025623004913
2002-05-01,-5.5,25.6,22.9,-9.1,-3.7,34.36309820221203,45.4,19.8,98.9977287485457,79.7883354423099,66.49061316706663,12.304389094561401
2002-05-31,0.6935483870967742,22.116129032258062,17.770967741935486,-8.71290322580645,-14.248387096774193,32.726882947258375,45.69032258064516,17.380645161290325,99.00852318074264,79.7883354423099,60.29419683823462,2.3649058100019547
2002-06-01,0.9,22.0,17.6,-8.7,-14.6,32.67234243875992,45.7,17.3,99.00888299514921,79.7883354423099,60.08764962727355,2.03358970051664
2002-06-30,-3.256666666666667,18.423333333333336,16.246666666666666,-9.666666666666666,-22.043333333333337,29.99469168828385,45.12,17.493333333333336,99.00321494801382,79.7883354423099,65.97254714149047,15.227276963573349
2002-07-01,-3.4,18.3,16.2,-9.7,-22.3,29.902358903784677,45.099999999999994,17.5,99.00301949811261,79.7883354423099,66.1754746419807,15.6822316967822
2002-07-31,5.019354838709678,16.848387096774193,18.425806451612903,-8.538709677419355,-21.91290322580645,31.151651436560787,44.567741935483866,18.467741935483872,98.98714027321789,79.7883354423099,51.77672052622261,3.6576009223460293
2002-08-01,5.3,16.8,18.5,-8.5,-21.9,31.193294520986658,44.55,18.5,98.9866109657214,79.7883354423099,51.296762055697336,3.2567798965314902
2002-08-31,5.97741935483871,24.25161290322581,18.790322580645164,-9.85483870967742,-30.22258064516129,30.97985591053312,44.646774193548396,15.790322580645162,98.96578482812883,79.7883354423099,95.65908807363105,6.855557182193568
2002-09-01,6.0,24.5,18.8,-9.9,-30.5,30.97274129018467,44.650000000000006,15.7,98.96509062354241,79.7883354423099,97.13783227422884,6.97551642504897
2002-09-30,4.3566666666666665,25.466666666666665,16.866666666666667,-8.643333333333333,-26.246666666666666,30.657679273948375,44.650000000000006,22.95,98.93854857566322,79.7883354423099,61.96647198069431,2.229535657238813
2002-10-01,4.3,25.5,16.8,-8.6,-26.1,30.646815066491953,44.65,23.2,98.9376333326329,79.7883354423099,60.75366645333105,2.06588114800398
2002-11-01,-0.1,15.9,13.8,-10.3,-23.5,29.749849980034572,44.949999999999996,18.0,98.9000092821953,79.7883354423099,56.999299114688064,5.8656570703133895
2002-12-01,4.4,14.9,19.0,-10.3,-33.8,29.272494694645832,44.85,20.0,98.8449625625893,79.7883354423099,57.83968022305896,11.1248303960848
2003-01-01,2.4,8.5,23.9,-13.8,-24.6,27.832491771114096,45.1,24.6,98.7665436079821,79.7883354423099,56.18022241651493,16.5715328099041
2003-02-01,-2.6,-1.6,15.4,-13.3,-25.1,28.072246068308306,45.0,27.1,98.66959938944059,79.7883354423099,44.02929913087999,9.300684602439599
2003-03-01,0.6,-7.6,10.6,-16.4,-28.5,29.024006818880295,45.400000000000006,29.3,98.5724176405432,79.7883354423099,98.39032904650999,6.11814852381757
2003-03-31,-0.367741935483871,4.4,10.212903225806452,-6.432258064516129,-28.887096774193548,29.742156861715046,45.254838709677415,22.332258064516132,98.49251046391933,79.7883354423099,62.81655651129027,20.48556499992576
2003-04-01,-0.4,4.8,10.2,-6.1,-28.9,29.766095196476204,45.25,22.1,98.4898468913652,79.7883354423099,61.63076409344961,20.9644788824627
2003-04-30,4.24,-2.5466666666666664,22.573333333333334,-6.97,-33.63666666666666,28.30923196655448,45.443333333333335,11.563333333333333,98.4316516070765,79.7883354423099,62.56111793754384,1.014909292789287
2003-05-01,4.4,-2.8,23.0,-7.0,-33.8,28.25899530345373,45.45,11.2,98.42964487313552,79.7883354423099,62.59319910458157,0.326993100041928
2003-05-31,1.9806451612903224,10.748387096774193,16.032258064516128,-11.258064516129034,-34.76774193548387,27.378722259503935,44.67580645161291,11.2,98.39873562280621,79.7883354423099,73.31575136931933,-2.263996861693899
2003-06-01,1.9,11.2,15.8,-11.4,-34.8,27.349379824705608,44.65,11.2,98.3977053144619,79.7883354423099,73.67316977814393,-2.3503631937517597
2003-06-30,6.926666666666667,13.326666666666666,18.21666666666667,-8.21,-22.62,30.13084707582108,45.471666666666664,12.263333333333334,98.40096372383103,79.7883354423099,63.24719434574882,3.1106002083338034
2003-07-01,7.1,13.4,18.3,-8.1,-22.2,30.22675973965265,45.5,12.3,98.4010760827748,79.7883354423099,62.887677951528296,3.29890929116434
2003-07-31,4.8741935483870975,16.30322580645161,5.041935483870967,-11.293548387096775,-25.587096774193547,30.965122338565525,45.30645161290323,11.138709677419355,98.44957353450023,79.7883354423099,49.75116877904473,13.3085691826533
2003-08-01,4.8,16.4,4.6,-11.4,-25.7,30.98973442519595,45.300000000000004,11.1,98.45119011622441,79.7883354423099,49.31328513996195,13.6422245123696
2003-08-31,5.767741935483872,14.174193548387096,8.083870967741934,-9.07741935483871,-16.02258064516129,30.618493597897075,45.73548387096774,10.616129032258064,98.54328906172847,79.7883354423099,97.38441709002161,1.7756526541181485
2003-09-01,5.8,14.1,8.2,-9.0,-15.7,30.60611890365378,45.75,10.6,98.5463590265786,79.7883354423099,98.9867881550236,1.3801002588431002
2003-09-30,4.06,36.14,6.653333333333333,-6.196666666666666,-24.303333333333335,28.240682794379744,45.266666666666666,17.076666666666664,98.6677424962923,79.7883354423099,61.50876162461513,13.825394535806616
2003-10-01,4.0,36.9,6.6,-6.1,-24.6,28.159116031990987,45.25,17.3,98.671928133179,79.7883354423099,60.216415882187256,14.2545426143226
2003-11-01,0.7,30.0,15.7,-8.6,-21.1,27.99300865330426,44.65,16.9,98.81324427894761,79.7883354423099,58.90416058836735,13.7123209664286
2003-12-01,10.8,20.0,10.4,1.0,-14.0,26.12953673516151,44.6,14.1,98.9581922526824,79.7883354423099,58.749931176877546,19.4851553723719
2004-01-01,16.2,33.7,14.8,-0.8,-11.6,24.33809638476372,44.6,10.9,99.1055777966296,79.7883354423099,66.70748269096697,4.30907268191109
2004-02-01,2.7,31.2,12.0,0.8,-20.7,22.7955759986497,45.199999999999996,13.7,99.2583653277944,79.7883354423099,48.160781432765894,17.4918217641269
2004-03-01,5.6,28.7,17.2,2.0,-19.0,23.578357571797053,45.199999999999996,9.9,99.41650691683121,79.7883354423099,104.47664430991445,14.579149678606601
2004-03-31,5.987096774193549,33.054838709677426,16.23225806451613,1.6129032258064517,-3.129032258064516,24.145732223300396,45.68387096774194,10.674193548387095,99.5716027669911,79.7883354423099,60.702140933097326,3.4555951044038062
2004-04-01,6.0,33.2,16.2,1.6,-2.6,24.164644711683838,45.699999999999996,10.7,99.57677262866311,79.7883354423099,59.242990820536754,3.0848099519303798
2004-04-30,11.703333333333333,39.096666666666664,11.946666666666667,6.1433333333333335,-12.266666666666666,25.511888452287913,45.555,16.016666666666666,99.7284782187417,79.7883354423099,61.61934305802092,9.332010448242206
2004-05-01,11.9,39.3,11.8,6.3,-12.6,25.558345132998397,45.55,16.2,99.7337094459858,79.7883354423099,61.701286238623815,9.54743115501158
2004-05-31,8.416129032258066,35.23548387096774,17.219354838709673,6.106451612903226,-0.019354838709677358,24.966926910214074,45.501612903225805,19.006451612903227,99.87242563926335,79.7883354423099,67.38429800426873,21.821386199719797
2004-06-01,8.3,35.1,17.4,6.1,0.4,24.947212969454593,45.5,19.1,99.8770495123726,79.7883354423099,67.57373172979023,22.2305180345434
2004-06-30,12.843333333333334,15.09,16.046666666666667,12.286666666666667,-5.883333333333333,23.85351882518082,44.00166666666667,15.426666666666668,99.98860554486208,79.7883354423099,59.86342263652365,12.017345250207743
2004-07-01,13.0,14.4,16.0,12.5,-6.1,23.81580523399897,43.95,15.3,99.9924523046031,79.7883354423099,59.59754990916963,11.6651668783341
2004-07-31,9.129032258064518,9.851612903225806,16.193548387096776,14.338709677419354,9.480645161290322,24.03744723443766,43.95,19.364516129032257,100.07134152074978,79.7883354423099,43.06523847100148,8.878875768252986
2004-08-01,9.0,9.7,16.2,14.4,10.0,24.04483530111895,43.95,19.5,100.073971161288,79.7883354423099,42.514161423062546,8.78599939791695
2004-08-31,3.67741935483871,7.958064516129032,15.038709677419355,14.496774193548388,12.129032258064516,25.217631979467466,42.83709677419354,18.241935483870968,100.11966299119898,79.7883354423099,94.66224616352059,18.775847461615964
2004-09-01,3.5,7.9,15.0,14.5,12.2,25.256725202079082,42.8,18.2,100.12118605219601,79.7883354423099,96.4005156548692,19.1088423970726
2004-09-30,3.4033333333333333,22.786666666666665,12.776666666666666,4.35,7.463333333333333,25.930631023682682,43.09,14.236666666666666,100.14125727931408,79.7883354423099,59.34219756471111,10.833515394822465
2004-10-01,3.4,23.3,12.7,4.0,7.3,25.953869155462115,43.1,14.1,100.14194939059401,79.7883354423099,58.06432452711945,10.5481592912966
2004-11-01,3.7,17.0,14.1,14.8,-2.8,24.49675494467034,43.050000000000004,14.1,100.147426717673,79.7883354423099,57.66192255531369,16.6166082927798
2004-12-01,8.5,8.9,16.5,13.3,0.8,23.477270497383245,42.75,9.5,100.146559397684,79.7883354423099,50.53761741527793,19.1036457632818
2005-01-01,2.0,16.2,11.5,13.3,-3.5,26.330993724304705,42.65,5.4,100.144131010707,79.7883354423099,58.06544515857173,12.7977276230675
2005-02-01,-0.8,14.2,14.9,17.2,-5.1,26.77619454374847,42.550000000000004,6.1,100.139761807204,79.7883354423099,36.975585060498865,7.142660922938711
2005-03-01,-6.0,13.7,21.5,16.9,-18.3,25.603480724775363,42.4,5.3,100.12836157547899,79.7883354423099,97.23133851108234,12.7958671553001
2005-03-31,-0.8709677419354838,8.958064516129033,20.91935483870968,8.57741935483871,-14.138709677419355,25.42693786941029,42.15806451612903,6.558064516129032,100.102984355729,79.7883354423099,58.37989032480347,14.133317022464972
2005-04-01,-0.7,8.8,20.9,8.3,-14.0,25.421053107564788,42.15,6.6,100.102138448404,79.7883354423099,57.0848420519275,14.1778986847038
2005-04-30,-2.2466666666666666,-2.413333333333333,20.996666666666666,4.723333333333333,-4.623333333333333,26.460012632747723,41.811666666666675,6.02,100.06124550032779,79.7883354423099,57.339694775374745,12.260622971007596
2005-05-01,-2.3,-2.8,21.0,4.6,-4.3,26.49583882327127,41.800000000000004,6.0,100.05983539866999,79.7883354423099,57.3484828003212,12.1945100153629
2005-05-31,-7.525806451612904,-3.47741935483871,22.354838709677416,-1.8838709677419354,-21.041935483870972,28.35384251852994,42.187096774193556,6.967741935483871,100.00718979028,79.7883354423099,63.24649982447554,16.227847681635836
2005-06-01,-7.7,-3.5,22.4,-2.1,-21.6,28.41577597503856,42.2,7.0,100.005434936667,79.7883354423099,63.44310039194735,16.3622922705116
2005-06-30,0.5166666666666668,-6.6899999999999995,21.24,-6.16,-13.383333333333333,30.92471709389833,42.05500000000001,11.156666666666666,99.94958905133127,79.7883354423099,55.9581176344894,6.224181036416688
2005-07-01,0.8,-6.8,21.2,-6.3,-13.1,31.011232304893493,42.050000000000004,11.3,99.94766333114728,79.7883354423099,55.70001478078395,5.874590993861691
2005-07-31,-2.490322580645161,8.103225806451613,23.425806451612903,-2.041935483870968,-12.906451612903226,29.085237155875635,42.38870967741936,9.36451612903226,99.90178250316552,79.7883354423099,42.73307507755801,11.579849110662666
2005-08-01,-2.6,8.6,23.5,-1.9,-12.9,29.02103731757504,42.4,9.3,99.9002531422328,79.7883354423099,42.300843754117146,11.770024381222699
2005-08-31,3.206451612903226,9.664516129032258,19.725806451612904,-2.190322580645162,-14.54516129032258,28.12096127950474,42.78709677419355,15.880645161290325,99.87205086544783,79.7883354423099,90.8419147607067,14.874419863680638
2005-09-01,3.4,9.7,19.6,-2.2,-14.6,28.090958744902398,42.800000000000004,16.1,99.87111078955499,79.7883354423099,92.45995046092635,14.977899713095901
2005-09-30,-3.1733333333333333,-3.35,17.279999999999998,0.41000000000000003,-9.863333333333333,29.791151397376414,42.510000000000005,10.976666666666668,99.86155540943183,79.7883354423099,50.67897983355582,13.276217589317879
2005-10-01,-3.4,-3.8,17.2,0.5,-9.7,29.849778730220347,42.5,10.8,99.8612259135655,79.7883354423099,49.238256708474076,13.2175388953945
2005-11-01,-4.7,-13.0,26.3,2.4,-15.2,31.946547151122022,42.65,9.6,99.86831088396579,79.7883354423099,51.35095843846877,5.8568932251406505
2005-12-01,3.5,4.3,31.2,-2.6,-15.5,32.9000751385722,42.699999999999996,12.7,99.8881830409078,79.7883354423099,61.42985383190685,4.15588651484141
2006-01-01,5.7,14.5,26.9,2.2,-8.5,31.140001588932247,44.05,13.1,99.9188554818116,79.7883354423099,47.61219536636276,16.7591768700665
2006-02-01,2.7,8.6,18.4,6.3,1.9,32.02046029304762,44.050000000000004,11.7,99.96280268328691,79.7883354423099,41.04163418399427,25.377918680573
2006-03-01,-7.8,5.7,14.8,9.2,-2.6,32.4300338912443,44.1,13.9,100.024009782014,79.7883354423099,93.78800518187649,31.989040119386395
2006-03-31,-2.0903225806451613,17.022580645161288,18.18709677419355,8.232258064516127,-2.9870967741935486,31.438338932787644,44.1483870967742,12.351612903225808,100.10275630643173,79.7883354423099,54.73381515577325,33.51901740627995
2006-04-01,-1.9,17.4,18.3,8.2,-3.0,31.405282434172424,44.150000000000006,12.3,100.105381190579,79.7883354423099,53.43200882156981,33.570016649176395
2006-04-30,3.8999999999999995,17.4,14.916666666666666,2.5933333333333333,14.11,27.26839283733364,43.32833333333333,15.393333333333334,100.20420785368097,79.7883354423099,58.30056484556816,43.48158578318277
2006-05-01,4.1,17.4,14.8,2.4,14.7,27.125741471925405,43.300000000000004,15.5,100.20761566965,79.7883354423099,58.468446087775,43.823364029183
2006-05-31,7.487096774193548,17.206451612903226,16.15483870967742,14.980645161290324,9.474193548387099,27.34681077408598,43.44516129032259,14.725806451612902,100.32625033905872,79.7883354423099,61.07539559551479,29.65588536495994
2006-06-01,7.6,17.2,16.2,15.4,9.3,27.354179750824667,43.45,14.7,100.330204828039,79.7883354423099,61.16229391243945,29.183636076152503
2006-06-30,2.2833333333333337,30.346666666666668,16.683333333333334,11.436666666666667,10.46,26.151236042244697,43.64333333333333,18.18,100.46902180213384,79.7883354423099,53.92968379168188,13.185248438316137
2006-07-01,2.1,30.8,16.7,11.3,10.5,26.109755224707456,43.65,18.3,100.473808594344,79.7883354423099,53.680283442690246,12.6335798990804
2006-07-31,3.938709677419355,30.60645161290323,16.409677419354836,15.65483870967742,-1.5967741935483872,25.36277021771489,42.8758064516129,22.46129032258065,100.63274473738821,79.7883354423099,40.05271661571267,11.0198211693405
2006-08-01,4.0,30.6,16.4,15.8,-2.0,25.337870717481803,42.85,22.6,100.638042608823,79.7883354423099,39.598464388146745,10.966029211682502
2006-08-31,6.129032258064516,29.825806451612905,15.625806451612904,13.670967741935485,-8.096774193548388,25.7881484505796,43.38225806451614,15.438709677419354,100.8092838036117,79.7883354423099,92.25820743374938,4.202018250859435
2006-09-01,6.2,29.8,15.6,13.6,-8.3,25.80315770834953,43.400000000000006,15.2,100.814991843438,79.7883354423099,94.01353220193613,3.976551218832
2006-09-30,6.296666666666667,28.736666666666665,16.663333333333334,17.563333333333333,3.59,25.357332776634323,44.269999999999996,12.686666666666666,100.99356873546114,79.7883354423099,53.62269246324519,0.8666167627649082
2006-10-01,6.3,28.7,16.7,17.7,4.0,25.3419595031269,44.3,12.6,100.999726559324,79.7883354423099,52.22990488604895,0.7593776435901809
2006-11-01,15.2,26.4,7.7,22.0,1.4,23.72664476312735,44.2,17.5,101.188930411497,79.7883354423099,52.26255475808455,8.52910390017749
2006-12-01,5.4,33.3,14.4,15.2,15.8,22.43653173954084,43.9,19.3,101.38130953690501,79.7883354423099,45.21578914858393,5.31994376048667
2007-01-01,5.4,21.2,9.1,18.3,7.9,22.885604739550022,42.3,20.6,101.57683303498101,79.7883354423099,56.59025040619853,-2.1911664627853
2007-02-01,12.8,24.8,8.0,19.0,8.5,22.583716721511763,41.5,16.3,101.773849511359,79.7883354423099,39.34072109870521,-8.84238740600523
2007-03-01,10.0,36.2,9.5,22.5,6.7,22.83834171739625,41.5,16.1,101.97606281621599,79.7883354423099,101.8372460217157,-13.582651258029099
2007-03-31,11.451612903225806,34.84516129032257,13.080645161290322,14.274193548387098,6.506451612903226,22.13893373374066,40.677419354838705,16.390322580645158,102.18389684537117,79.7883354423099,57.34009482171769,-13.940083526531424
2007-04-01,11.5,34.8,13.2,14.0,6.5,22.115620134285475,40.65,16.4,102.190824646343,79.7883354423099,55.85685644838443,-13.9519979354815
2007-04-30,14.593333333333332,30.546666666666667,15.52,24.439999999999998,5.1466666666666665,23.874619002342005,40.65,16.013333333333332,102.41266154739486,79.7883354423099,56.830244156333016,-19.237925163239492
2007-05-01,14.7,30.4,15.6,24.8,5.1,23.935274135723265,40.65,16.0,102.42031109570699,79.7883354423099,56.863809249710556,-19.420198515920802
2007-05-31,12.861290322580647,13.658064516129032,12.503225806451614,23.638709677419357,5.583870967741935,23.400152156583864,40.16612903225806,16.870967741935484,102.65298946669927,79.7883354423099,64.19243263676135,-10.541308779010444
2007-06-01,12.8,13.1,12.4,23.6,5.6,23.382314757279218,40.15,16.9,102.66074541239901,79.7883354423099,64.43672008299637,-10.2453457877801
2007-06-30,11.156666666666666,24.796666666666667,17.62,19.83,-8.706666666666665,22.139660707718406,39.038333333333334,19.12333333333333,102.89415254196483,79.7883354423099,58.55410815281655,6.198237424481431
2007-07-01,11.1,25.2,17.8,19.7,-9.2,22.09681056807838,39.0,19.2,102.902201063674,79.7883354423099,58.35125946556898,6.76525753524907
2007-07-31,9.358064516129033,32.07096774193548,16.058064516129033,16.990322580645163,3.1870967741935483,23.492353568949493,41.41935483870968,21.23225806451613,103.12019616172077,79.7883354423099,42.48831632348284,6.200742002971377
2007-08-01,9.3,32.3,16.0,16.9,3.6,23.53887166897853,41.5,21.3,103.127462664989,79.7883354423099,41.95955155207997,6.18192481856212
2007-08-31,6.880645161290323,26.493548387096777,15.516129032258064,20.480645161290326,8.341935483870968,23.208065586153033,40.774193548387096,20.23548387096774,103.3072195932832,79.7883354423099,95.01513832332908,8.040524975923276
2007-09-01,6.8,26.3,15.5,20.6,8.5,23.197038716725515,40.75,20.2,103.313211490893,79.7883354423099,96.78365788237072,8.102478314501981
2007-09-30,8.83,28.04,10.956666666666667,21.56666666666667,-3.1966666666666668,22.3629137740915,39.976666666666674,21.263333333333332,103.44453931847916,79.7883354423099,59.61768116871986,12.273366764893815
2007-10-01,8.9,28.1,10.8,21.6,-3.6,22.334150845035154,39.95,21.3,103.449067864258,79.7883354423099,58.33609576480087,12.4171905045625
2007-11-01,5.7,24.6,14.5,27.5,-7.3,22.173981046477678,40.099999999999994,22.4,103.54802002126101,79.7883354423099,54.78046098095003,15.7326254102386
2007-12-01,9.1,-3.3,16.3,22.5,1.8,24.537555994999753,40.15,24.2,103.622400148866,79.7883354423099,51.54234359662604,6.91400732221459
2008-01-01,5.5,-3.9,11.0,18.9,-10.6,25.829970750665392,40.25,27.5,103.696023784255,79.7883354423099,54.042521638162576,11.762230279402
2008-02-01,11.3,15.7,16.5,22.0,-22.5,26.036653741284827,39.300000000000004,27.6,103.806315345864,79.7883354423099,33.850688343809665,15.0895895208126
2008-03-01,10.7,14.4,17.2,24.5,2.0,24.73595203298726,39.15,29.3,103.96196011614599,79.7883354423099,102.3788686353837,14.5389584145561
2008-03-31,-5.170967741935485,-5.7290322580645165,21.651612903225807,21.499999999999996,-9.419354838709678,25.921398358742916,39.82741935483872,32.3,104.13923388302246,79.7883354423099,58.02344909917563,12.228374203983261
2008-04-01,-5.7,-6.4,21.8,21.4,-9.8,25.9609132362681,39.85,32.4,104.145143008585,79.7883354423099,56.54493511463536,12.1513547302975
2008-04-30,-23.293333333333333,-2.05,18.029999999999998,28.553333333333335,-23.333333333333336,26.35027309043701,40.04333333333334,32.690000000000005,104.32442426374026,79.7883354423099,55.57206177826185,17.56579359233459
2008-05-01,-23.9,-1.9,17.9,28.8,-23.8,26.363699292304904,40.050000000000004,32.7,104.33060637598699,79.7883354423099,55.538514421835174,17.7524983806807
2008-05-31,-29.222580645161287,-9.254838709677419,18.96451612903226,31.606451612903225,-18.477419354838712,26.465016689748943,40.82419354838709,36.18387096774193,104.48105010652216,79.7883354423099,56.8441012503918,16.069637589738473
2008-06-01,-29.4,-9.5,19.0,31.7,-18.3,26.46839393633041,40.85,36.3,104.48606489754,79.7883354423099,56.88762081134369,16.0135422300404
2008-06-30,-31.333333333333332,-22.64666666666667,23.93,40.593333333333334,-26.516666666666666,26.575052954404033,40.85,38.910000000000004,104.56232666891762,79.7883354423099,45.453681275076164,18.107228512331897
2008-07-01,-31.4,-23.1,24.1,40.9,-26.8,26.578730851578985,40.85,39.0,104.56495638517201,79.7883354423099,45.05940749796349,18.1794245910316
2008-07-31,-28.400000000000002,-37.616129032258065,20.325806451612902,37.1258064516129,-29.31612903225806,29.340731621735614,39.833870967741944,28.548387096774192,104.51701573668231,79.7883354423099,31.02322005611282,9.372480088554806
2008-08-01,-28.3,-38.1,20.2,37.0,-29.4,29.432798314074166,39.800000000000004,28.2,104.515417715066,79.7883354423099,30.555347141384463,9.07891527180558
2008-08-31,-35.36451612903226,-35.77741935483871,26.87741935483871,29.451612903225808,-25.529032258064515,32.54862927100091,39.848387096774196,29.458064516129035,104.28858068006119,79.7883354423099,65.3871230117248,2.308799363863399
2008-09-01,-35.6,-35.7,27.1,29.2,-25.4,32.65249030289847,39.85,29.5,104.28101944556101,79.7883354423099,66.5481822074028,2.0831288335986597
2008-09-30,-38.59666666666667,-35.989999999999995,27.583333333333336,19.243333333333332,-28.493333333333336,37.29782785013518,40.09166666666667,18.19,103.82874242726072,79.7883354423099,36.51640156681603,-7.5656127201858325
2008-10-01,-38.7,-36.0,27.6,18.9,-28.6,37.45801190348817,40.1,17.8,103.813146668009,79.7883354423099,35.48082292403717,-7.898327946178401
2008-11-01,-40.6,-45.8,29.8,4.5,-29.3,45.2803049989276,40.75,7.9,103.111832384604,79.7883354423099,23.236558656068002,-25.003351524889197
2008-12-01,-33.5,-52.6,26.9,12.0,-44.0,46.39480443175944,38.95,-1.0,102.23953094381099,79.7883354423099,30.42458477695783,-25.7086821495587
2009-01-01,-50.2,-53.8,30.8,-6.6,-51.9,47.576028700652536,40.05,2.7,101.302159989276,83.239388013344,28.378265081230705,-30.6808006508516
2009-02-01,-56.1,-55.7,33.1,-7.3,-51.4,47.66271835871618,40.650000000000006,-4.8,100.386817804456,88.76107212699871,23.425294605389166,-32.7279121104195
2009-03-01,-42.9,-50.7,22.1,-14.5,-64.0,49.91866146748641,40.5,-3.3,99.51856572033708,94.97296675486021,57.91317585079664,-37.1444190312907
2009-03-31,-34.28709677419355,-35.7,20.454838709677418,-16.91935483870968,-60.41935483870967,46.51854771651752,42.387096774193544,-3.7838709677419353,98.72043399146568,96.70962546802582,36.92561292167532,-33.751366895259316
2009-04-01,-34.0,-35.2,20.4,-17.0,-60.3,46.40521059148522,42.449999999999996,-3.8,98.69382960050329,96.767514091798,36.2260274907046,-33.6382651573916
2009-04-30,-36.99666666666667,-30.849999999999998,14.406666666666666,-15.356666666666667,-56.626666666666665,42.485054134850145,42.498333333333335,-4.863333333333334,97.9293214815534,106.24180375014377,35.138011234186536,-34.36140825673619
2009-05-01,-37.1,-30.7,14.2,-15.3,-56.5,42.34987632600066,42.5,-4.9,97.90295913262409,106.56850339353501,35.100493432237634,-34.3863442256791
2009-05-31,-26.551612903225806,-21.506451612903227,9.264516129032259,-10.26774193548387,-60.854838709677416,38.13770667285816,42.20967741935483,-4.803225806451613,97.15610287555313,115.25179695936306,43.277495205762264,-32.6322486066389
2009-06-01,-26.2,-21.2,9.1,-10.1,-61.0,37.99730101775341,42.199999999999996,-4.8,97.1312076669841,115.54124007822399,43.55006193154642,-32.5737787526709
2009-06-30,-26.683333333333334,-21.006666666666668,4.943333333333333,-21.796666666666667,-49.4,38.40972241308473,42.58666666666666,-5.09,96.40508460591187,112.20522259289113,52.22274182540201,-30.37023725921985
2009-07-01,-26.7,-21.0,4.8,-22.2,-49.0,38.42394384050995,42.599999999999994,-5.1,96.380045879668,112.09018750719,52.52179975277634,-30.2942530697905
2009-07-31,-17.40967741935484,-17.225806451612904,1.0258064516129033,-16.974193548387095,-43.48387096774193,35.77836193099423,42.406451612903226,-4.229032258064516,95.72224432120176,121.30783760014549,40.65662759002372,-24.83456697846811
2009-08-01,-17.1,-17.1,0.9,-16.8,-43.3,35.690175867343704,42.4,-4.2,95.70031760258621,121.615092603244,40.261121851265294,-24.652577442090696
2009-08-31,-23.39032258064516,7.86774193548387,3.609677419354839,-9.251612903225809,-35.55806451612903,34.82138459852134,42.25483870967742,0.05806451612903227,95.18931150810366,116.27152733196499,85.42277728194777,-18.83676385536999
2009-09-01,-23.6,8.7,3.7,-9.0,-35.3,34.79242488956059,42.25,0.2,95.1722779716209,116.09340848958901,86.92816579630384,-18.642903402479302
2009-09-30,-24.37333333333333,9.183333333333332,11.336666666666666,-10.836666666666668,-44.870000000000005,33.09593843143224,43.555,3.9699999999999998,94.8730790303272,123.43264695732148,69.06860758331283,-7.115129637790879
2009-10-01,-24.4,9.2,11.6,-10.9,-45.2,33.03743889839333,43.6,4.1,94.862761825455,123.68572414586399,68.4527607483821,-6.71762019762921
2009-11-01,-27.0,20.6,2.9,-9.2,-53.7,28.328225186672373,43.0,5.7,94.77661613313481,125.618313585644,71.68503185272958,8.93476470809359
2009-12-01,-29.5,18.2,3.0,-10.2,-35.2,28.82062373541507,44.05,11.3,94.8690212074868,91.3733537344806,66.1717290449756,15.71449391566
2010-01-01,-22.6,9.0,6.8,2.0,-45.8,28.12982114491678,44.75,13.3,95.0929114410581,90.84818630876455,61.14120996546734,19.029639230060603
2010-02-01,-22.8,19.6,6.4,6.1,-35.1,30.19761561552499,45.15,12.4,95.4037802213104,87.09396684806885,46.6526431220014,24.288713903552605
2010-03-01,-17.4,20.7,8.1,8.3,-32.3,32.08720205361619,45.35,9.9,95.7624302854972,94.67107489586635,95.80216141306056,24.0298017454143
2010-03-31,-9.174193548387096,23.700000000000003,1.6161290322580644,5.880645161290323,-39.26774193548387,32.15695704998666,46.85,13.190322580645162,96.12772678150984,98.36477254331777,52.87129007063452,19.727501494746782
2010-04-01,-8.9,23.8,1.4,5.8,-39.5,32.15928221653234,46.9,13.3,96.13990333137691,98.48789579823281,51.44026102588699,19.5840914863912
2010-04-30,-4.26,4.176666666666667,15.32,7.926666666666667,-35.053333333333335,36.442998413684585,46.65833333333333,17.65,96.50074992072851,83.11393631561458,53.0671096128079,14.700844771623702
2010-05-01,-4.1,3.5,15.8,8.0,-34.9,36.59071276531052,46.65,17.8,96.51319290656821,82.5837997817312,53.1232078399431,14.5324569538731
2010-05-31,-16.1,14.725806451612904,20.929032258064517,5.0,-29.577419354838707,38.333573096183834,47.61774193548388,14.993548387096775,96.84685515313777,76.88793864307614,58.68095490176777,14.260586426471198
2010-06-01,-16.5,15.1,21.1,4.9,-29.4,38.391668440546276,47.650000000000006,14.9,96.85797722802342,76.69807660512096,58.86621313716193,14.251524075557802
2010-06-30,-16.790000000000003,32.209999999999994,14.816666666666666,4.9,-23.986666666666668,35.998838966042655,47.69833333333334,21.28,97.14986485074282,76.80634783295712,42.50492775125153,10.857767659694337
2010-07-01,-16.8,32.8,14.6,4.9,-23.8,35.91632760485287,47.7,21.5,97.15992994118142,76.81008132357215,41.940745496564965,10.7407415763887
2010-07-31,-10.993548387096777,27.574193548387097,17.212903225806453,8.190322580645162,-26.412903225806453,34.76077319439244,46.97419354838709,20.62903225806452,97.41235846632466,71.5480263292456,25.74367781745255,12.172177702225122
2010-08-01,-10.8,27.4,17.3,8.3,-26.5,34.72225471404376,46.949999999999996,20.6,97.4207727504961,71.37262449610138,25.203775561482136,12.219892239753001
2010-08-31,-16.122580645161293,28.174193548387095,19.138709677419357,12.751612903225807,-27.951612903225808,34.505073431675136,45.69193548387098,18.470967741935482,97.64583895625681,75.01243048728932,71.00910209213089,10.329378128952388
2010-09-01,-16.3,28.2,19.2,12.9,-28.0,34.497834055596186,45.650000000000006,18.4,97.6533411631155,75.13375735366225,72.53594630981918,10.2663609919257
2010-09-30,-8.276666666666667,30.23,26.063333333333336,9.806666666666667,-32.446666666666665,33.091673747971534,45.843333333333334,27.486666666666668,97.86597003359682,76.041565353611,38.918791054435026,12.28649670158363
2010-10-01,-8.0,30.3,26.3,9.7,-32.6,33.043185461501714,45.85,27.8,97.87330206361341,76.07286907774716,37.759578804249365,12.356156553640801
2010-11-01,-2.1,30.3,14.5,19.9,-25.6,33.4865632995259,45.7,32.6,98.09188819573141,78.4288861949049,42.28298513134027,11.1517707243486
2010-12-01,-8.0,28.6,5.5,21.3,-39.5,34.28109479111338,45.4,34.1,98.31725498709321,89.90195062299306,37.57941536744723,9.46260027611584
2011-01-01,-22.0,20.9,23.7,31.5,-31.4,33.31345249282083,46.05,42.3,98.5504880890288,94.1073432467023,40.8773113386399,23.7917382741936
2011-02-01,-15.5,4.5,23.8,31.6,-24.2,30.75419303973649,47.2,34.3,98.7863992799272,97.92297009260226,32.87981520450927,20.9148963186719
2011-03-01,-24.3,12.1,20.0,32.4,-13.2,29.480295147583593,46.95,35.3,99.0179623007002,108.81810406630414,76.2050326430499,20.307648269995198
2011-03-31,-12.3,-4.835483870967742,19.903225806451612,39.9483870967742,-21.038709677419355,29.158757823619876,46.32096774193548,31.041935483870965,99.23887811669911,115.81466503598483,45.81545270045315,24.009905742716267
2011-04-01,-11.9,-5.4,19.9,40.2,-21.3,29.148039912821087,46.3,30.9,99.2462419772324,116.04788373497419,44.802466702366594,24.1333143251403
2011-04-30,-15.67,5.91,31.596666666666668,26.376666666666665,-20.913333333333334,28.05976116777783,47.315,25.486666666666668,99.47120644235389,111.2189995438773,45.99179941702914,27.61113051320407
2011-05-01,-15.8,6.3,32.0,25.9,-20.9,28.022234314500476,47.349999999999994,25.3,99.4789638377029,111.05248629590845,46.03281088994854,27.731055209344202
2011-05-31,-17.54193548387097,4.267741935483871,19.903225806451612,28.125806451612902,-25.64193548387097,28.59845202605784,45.898387096774194,25.590322580645164,99.72207760947742,112.5644209873396,49.96543207872471,16.152051631961168
2011-06-01,-17.6,4.2,19.5,28.2,-25.8,28.61765928310975,45.85,25.6,99.73018140186991,112.61481881038729,50.09651945168391,15.7660848460484
2011-06-30,-8.61,-13.103333333333332,22.30333333333333,11.959999999999999,-18.743333333333332,29.911846702791777,46.623333333333335,24.729999999999997,100.0051545509762,116.30314379848149,44.31068787714924,19.84812357411304
2011-07-01,-8.3,-13.7,22.4,11.4,-18.5,29.956473855194606,46.65,24.7,100.014636383704,116.4303274187606,44.11117644354459,19.988883530253197
2011-07-31,-17.493548387096777,-19.603225806451615,32.36774193548387,12.077419354838709,-36.40322580645161,29.86607047865463,47.18225806451613,24.02258064516129,100.32965058240303,106.80166267703089,35.97339243642409,16.539326619288783
2011-08-01,-17.8,-19.8,32.7,12.1,-37.0,29.863057032769962,47.199999999999996,24.0,100.340151055693,106.4807071856399,35.70213296952008,16.424341388923303
2011-08-31,-7.15483870967742,-30.251612903225812,25.345161290322583,14.325806451612904,-33.80645161290323,31.984259046368553,48.84516129032258,21.774193548387096,100.68689203379753,115.89740587495486,72.9429774918145,11.218287697661461
2011-09-01,-6.8,-30.6,25.1,14.4,-33.7,32.05496578015517,48.9,21.7,100.69845006640101,116.21129583126535,74.18433897589098,11.0447525746194
2011-09-30,-14.436666666666666,-25.186666666666667,20.556666666666665,9.083333333333334,-28.480000000000004,32.73293461292709,48.27166666666667,24.793333333333333,101.05285789351922,109.98765875736966,47.52782261195543,12.709600438257688
2011-10-01,-14.7,-25.0,20.4,8.9,-28.3,32.75631284853991,48.25,24.9,101.06507885307501,109.77305058240775,46.60863239250938,12.767008985279698
2011-11-01,-17.3,-30.1,15.7,7.8,-37.2,32.71617963706979,48.25,19.5,101.410626437339,109.27112836982856,43.44037718007669,7.42437594840551
2011-12-01,-22.3,-12.7,16.3,11.0,-36.0,32.873388308120376,49.650000000000006,20.7,101.70577024303101,102.56545577961539,41.6625163774229,9.79259600334939
2012-01-01,-14.0,-7.2,18.4,11.3,-25.5,33.632925736915325,48.65,14.7,101.92243455769399,99.99049390098091,44.187301521119906,0.47689810056713106
2012-02-01,-18.7,-2.2,13.0,6.2,-36.9,33.12571811916997,48.550000000000004,16.8,102.04068679805799,109.59457423246494,32.19831300555661,-2.68920754450791
2012-03-01,-16.0,-4.4,30.2,17.6,-42.4,33.09832780326093,49.15,16.8,102.051141944801,110.101576151603,83.65761815523503,6.377626560826419
2012-03-31,-17.64516129032258,5.6645161290322585,12.587096774193549,6.954838709677419,-36.303225806451614,32.845377194291586,49.15,21.92903225806452,101.95212683938293,99.73973653868293,48.6709247449399,-5.931132420205144
2012-04-01,-17.7,6.0,12.0,6.6,-36.1,32.83694550732594,49.15,22.1,101.948826335869,99.39434188491892,47.5047016312634,-6.34142438623953
2012-04-30,-17.313333333333333,3.0033333333333334,15.770000000000001,9.693333333333335,-30.396666666666665,33.10947680354423,49.681666666666665,20.553333333333335,101.73392631962086,90.79035361648657,52.053376691604484,-0.7784287201667386
2012-05-01,-17.3,2.9,15.9,9.8,-30.2,33.118874434448315,49.699999999999996,20.5,101.726515974233,90.49366436585098,52.21022755575418,-0.5866012834056079
2012-05-31,-19.04193548387097,23.125806451612906,14.835483870967744,0.703225806451613,-27.87741935483871,34.35350905066634,50.03870967741936,14.306451612903226,101.39288035176656,76.9621573093161,56.33323757206959,-5.409015013009781
2012-06-01,-19.1,23.8,14.8,0.4,-27.8,34.39466353787361,50.050000000000004,14.1,101.38175916435101,76.51110707409826,56.4706712392801,-5.56976213732992
2012-06-30,-16.973333333333333,7.85,13.156666666666666,3.106666666666667,-41.23666666666667,34.101180410955855,49.905,14.196666666666667,100.94984561570206,81.67112289568055,50.90819354615161,-2.0112304818610176
2012-07-01,-16.9,7.3,13.1,3.2,-41.7,34.0910603031311,49.9,14.2,100.93495204505899,81.84905447573512,50.716383970526486,-1.8885224937414
2012-07-31,-20.190322580645166,9.33225806451613,17.06774193548387,2.1354838709677417,-34.63548387096774,33.96513679064595,49.94838709677419,13.619354838709679,100.45400472608512,96.2220750268374,34.83140660164799,-2.5021931924022582
2012-08-01,-20.3,9.4,17.2,2.1,-34.4,33.96093934022978,49.949999999999996,13.6,100.43797314878599,96.70117571187414,34.30190735601871,-2.52264888235762
2012-08-31,-11.106451612903227,-1.632258064516129,16.32903225806452,0.8419354838709678,-38.270967741935486,31.224984582376894,49.46612903225806,18.825806451612902,99.96701196547652,91.18756437688984,84.15993617263749,4.673524425346018
2012-09-01,-10.8,-2.0,16.3,0.8,-38.4,31.133786090448464,49.449999999999996,19.0,99.9513132593662,91.00377733239037,85.82187046652477,4.91339686893614
2012-09-30,-9.93,13.08,12.046666666666667,10.950000000000001,-35.5,31.20839554779247,49.69166666666667,25.09,99.5396534896464,91.12612376079989,53.94057179012194,-6.169686388789384
2012-10-01,-9.9,13.6,11.9,11.3,-35.4,31.210968287700883,49.7,25.3,99.5254583251733,91.13034260315884,52.841216663349435,-6.55186167353854
2012-11-01,-5.7,25.8,18.6,10.4,-18.7,31.802479116608453,49.6,22.6,99.20781834820579,89.39115181971452,53.5631237389562,-2.9842653117304
2012-12-01,3.1,19.4,13.9,16.2,-42.2,30.6099522804886,48.800000000000004,26.4,99.007525224653,88.01860013069238,45.917099578227855,1.3603042294177299
2013-01-01,-13.5,20.2,1.9,14.6,-21.0,31.142662603288127,49.9,27.0,98.9094822906357,90.5702493914404,52.97256372533119,-0.14496379332390696
2013-02-01,-5.5,29.2,13.0,12.9,-24.9,33.86274159177605,50.65,31.9,98.8900415292247,94.03614728789879,42.562899382850865,-2.02612064536584
2013-03-01,-3.5,13.3,23.7,-1.6,-26.5,35.63723593335657,50.3,26.0,98.9249590320055,89.37017832879343,90.71902968152914,-2.8006153786503303
2013-03-31,-8.048387096774192,-2.5709677419354837,20.893548387096775,5.851612903225806,-38.98387096774193,34.9820192491402,50.25161290322581,23.774193548387096,98.99229240855792,83.2239066590719,57.684315959720294,-0.8540975891197288
2013-04-01,-8.2,-3.1,20.8,6.1,-39.4,34.960178692999655,50.25,23.7,98.994536854443,83.01903093674785,56.583158835659994,-0.789213662802042
2013-04-30,-2.69,14.3,11.036666666666665,1.8466666666666667,-30.7,34.93302647392105,50.056666666666665,22.926666666666666,99.081179333244,87.07923439219908,59.43706085592735,-3.3578828859887575
2013-05-01,-2.5,14.9,10.7,1.7,-30.4,34.932090190504546,50.05,22.9,99.0841670049268,87.21924140790429,59.53547127041933,-3.4464576867882997
2013-05-31,3.596774193548387,12.964516129032258,14.958064516129033,3.5387096774193547,-21.883870967741938,33.33276755533747,50.14677419354839,21.545161290322582,99.18035029821155,89.71389693344736,67.01035964206147,12.399906732415023
2013-06-01,3.8,12.9,15.1,3.6,-21.6,33.2794568008319,50.15,21.5,99.18355640798771,89.79705211763212,67.25952258778288,12.9281188797218
2013-06-30,8.536666666666667,33.39333333333334,13.746666666666666,9.013333333333332,-8.163333333333334,34.66090043424562,50.24666666666667,18.599999999999998,99.28203577880895,97.96563261752195,57.96207904001424,-3.940405318297073
2013-07-01,8.7,34.1,13.7,9.2,-7.7,34.70853642160471,50.25,18.5,99.28543161918209,98.24730780717331,57.64147753836704,-4.522078566504621
2013-07-31,1.9258064516129032,43.39032258064517,7.796774193548387,3.87741935483871,-12.345161290322581,33.544836945666844,50.104838709677416,23.048387096774196,99.38196084481119,94.92632632929866,43.2162293035279,1.3752295062494413
2013-08-01,1.7,43.7,7.6,3.7,-12.5,33.50604696313558,50.1,23.2,99.38517848566549,94.81562694670284,42.735387695699934,1.57180644200791
2013-08-31,9.248387096774193,35.18387096774193,7.6967741935483875,2.925806451612903,-5.629032258064517,32.860299514062824,50.1,21.554838709677423,99.4764032747017,94.5184693575605,92.66719592099966,-2.9834168818073317
2013-09-01,9.5,34.9,7.7,2.9,-5.4,32.83877459909373,50.1,21.5,99.4794441010029,94.5085641045891,94.33158952850965,-3.1352576592678396
2013-09-30,5.246666666666666,33.836666666666666,1.32,3.77,11.033333333333333,31.85907429868809,50.34166666666667,24.013333333333332,99.56316274995456,88.38426971755386,55.5100489399726,0.9449151271481505
2013-10-01,5.1,33.8,1.1,3.8,11.6,31.825291529708583,50.35,24.1,99.5660495999184,88.17308715248369,54.171375126574766,1.08561074047284
2013-11-01,20.8,6.0,11.4,7.5,10.1,31.54239114423525,50.25,26.5,99.64495299821041,86.40730753175825,57.10271884620496,3.6954078600461697
2013-12-01,15.3,24.9,20.0,9.9,2.1,30.814084583013383,50.7,25.7,99.715958756109,90.47974497606376,60.433955060762706,2.02757171498921
2014-01-01,22.9,40.5,17.5,11.1,4.6,30.10041680161932,50.7,18.6,99.7823991422752,87.46954896073241,56.348210282071854,-0.40160773658878296
2014-02-01,9.1,37.8,5.9,8.8,7.8,28.737282827458557,50.400000000000006,21.7,99.8508197995783,84.18012673721572,40.73026490930104,4.039410221867721
2014-03-01,16.6,21.5,12.9,5.6,3.6,27.747164182185937,50.7,19.1,99.92678327759849,82.52014041702087,105.87914713943566,5.70610172463614
2014-03-31,7.987096774193549,40.66129032258065,15.416129032258064,7.148387096774194,12.019354838709678,27.751419259614362,50.458064516129035,17.55161290322581,100.01102941223319,84.87961971466807,64.02859381496154,6.442581730649086
2014-04-01,7.7,41.3,15.5,7.2,12.3,27.751561095528643,50.45,17.5,100.013837616721,84.95826902458964,62.6335753708124,6.46713106418285
2014-04-30,13.79,39.27,8.926666666666666,3.8166666666666664,12.203333333333333,27.3435406568706,49.725,18.080000000000002,100.10807868706033,86.06357954550987,64.29549413073957,7.112683397938163
2014-05-01,14.0,39.2,8.7,3.7,12.2,27.32947098657205,49.7,18.1,100.111328379141,86.10169370140368,64.35280167418533,7.134943823240071
2014-05-31,7.516129032258064,33.58709677419355,15.377419354838711,3.893548387096774,16.55483870967742,27.501555833949887,49.65161290322581,19.841935483870966,100.21186378827262,88.05708727566872,66.55878501402847,-4.207352433009475
2014-06-01,7.3,33.4,15.6,3.9,16.7,27.507291995529147,49.650000000000006,19.9,100.215214968577,88.12226706147754,66.63231779202323,-4.58542897488446
2014-06-30,7.3966666666666665,40.263333333333335,22.46333333333333,5.64,10.610000000000001,26.36760125189444,49.55333333333334,16.226666666666667,100.31127941775883,80.14675562813737,60.414030030851556,7.068236559953706
2014-07-01,7.4,40.5,22.7,5.7,10.4,26.328301571079447,49.550000000000004,16.1,100.314591984972,79.87173799250495,60.19960631494909,7.470087095637781
2014-07-31,15.72258064516129,45.33870967741935,21.9258064516129,5.409677419354839,3.335483870967742,28.245020038544855,49.598387096774196,16.390322580645158,100.39693997281005,75.50038508493434,46.58512339519959,-2.0374139255810264
2014-08-01,16.0,45.5,21.9,5.4,3.1,28.308910654127033,49.6,16.4,100.39968490573798,75.35467332134866,46.131307297874606,-2.35433062628832
2014-08-31,9.516129032258066,31.758064516129036,17.54516129032258,3.6580645161290324,6.196774193548387,30.46778947640302,49.648387096774194,15.819354838709678,100.46449423330414,74.05590565381172,95.41698889833208,-0.8909440809756571
2014-09-01,9.3,31.3,17.4,3.6,6.3,30.539752103812216,49.65,15.8,100.466654544223,74.01261339822715,97.05984495168066,-0.842164529465235
2014-09-30,0.5033333333333334,27.143333333333334,24.263333333333332,4.953333333333333,8.813333333333334,31.908467735463002,49.553333333333335,10.580000000000002,100.51575656958079,64.4932320615061,66.0763662012971,-1.0916600571530979
2014-10-01,0.2,27.0,24.5,5.0,8.9,31.95566482620958,49.55,10.4,100.51744974286899,64.16497753265365,65.00797038231836,-1.1002633512113
2014-11-01,5.9,40.2,34.6,2.7,12.5,33.170253479648515,49.4,11.1,100.55854413098,59.31910507214491,62.548541069934174,-2.21005295676769
2014-12-01,15.4,45.3,26.4,5.6,5.3,34.38851176653659,49.800000000000004,8.3,100.596075193904,39.89778952205505,59.286114478766045,-8.39359944665351
2015-01-01,5.2,48.5,26.0,-12.6,6.8,36.69118361185874,49.5,1.1,100.633345212181,25.9412475505884,60.72704083247532,-9.13928492263488
2015-02-01,14.7,15.5,26.9,1.0,5.6,36.11183556424357,50.25,3.1,100.67138435675501,34.136562668828304,48.234741586236,-11.6440962693621
2015-03-01,10.6,22.1,17.2,-2.3,7.0,37.995854622832915,50.4,5.8,100.711241695351,36.4614070130305,109.56555835826437,-16.0170407302852
2015-03-31,14.858064516129032,23.26129032258065,15.748387096774193,-4.719354838709678,12.612903225806454,38.25287735243359,50.4483870967742,4.638709677419355,100.752218157841,38.27261868108704,63.58240174140281,-10.193333637674673
2015-04-01,15.0,23.3,15.7,-4.8,12.8,38.26144477675361,50.45,4.6,100.753584039924,38.33299240335559,62.04962985417409,-9.99921006792099
2015-04-30,-3.3666666666666667,43.309999999999995,14.540000000000001,0.8066666666666666,9.996666666666666,36.25205418164092,50.45,10.98,100.79633436582309,41.081146425845354,65.10247136046145,-7.623012777912838
2015-05-01,-4.0,44.0,14.5,1.0,9.9,36.182764850774966,50.45,11.2,100.79780851499201,41.17591035765535,65.20774175722998,-7.54107494032635
2015-05-31,6.161290322580646,27.258064516129032,22.33870967741936,-4.129032258064516,-3.067741935483871,35.813856281179135,50.25645161290323,8.006451612903225,100.84255880437328,38.091266893966086,75.71618003291,-4.411510113290918
2015-06-01,6.5,26.7,22.6,-4.3,-3.5,35.80155932885928,50.25,7.9,100.844050480686,37.988445445176446,76.066461308766,-4.30719128572307
2015-06-30,-13.316666666666666,21.093333333333334,6.746666666666666,6.43,5.683333333333334,36.16400299381293,50.49166666666667,10.316666666666668,100.88854463424094,33.977870818849446,61.64506863559262,-15.253534570287362
2015-07-01,-14.0,20.9,6.2,6.8,6.0,36.176501051225124,50.5,10.4,100.890078915398,33.83957514207955,61.14777923306941,-15.6309946835482
2015-07-31,0.3225806451612904,36.6741935483871,10.84516129032258,0.02580645161290318,24.000000000000004,35.36223316617299,50.30645161290323,12.335483870967742,100.93049449857703,21.197574099492456,49.3792801321805,-7.008988722076735
2015-08-01,0.8,37.2,11.0,-0.2,24.6,35.33509090333792,50.3,12.4,100.931841684683,20.776174064739553,48.98699682881753,-6.72158852336102
2015-08-31,-16.13548387096774,51.13548387096775,12.74193548387097,-3.8774193548387097,6.0193548387096785,35.564464561854074,50.638709677419364,8.625806451612904,100.96633590092009,25.129349036744486,104.95458501269935,-8.109510303275487
2015-09-01,-16.7,51.6,12.8,-4.0,5.4,35.57211035047128,50.650000000000006,8.5,100.967485708128,25.274454869144652,106.8201712854954,-8.15577436260597
2015-09-30,-4.52,30.139999999999997,10.383333333333333,-2.3566666666666665,-4.943333333333333,35.02449570732678,51.27833333333333,5.696666666666666,100.99821804320374,27.845578235203874,62.70525533642701,-7.8883051554780685
2015-10-01,-4.1,29.4,10.3,-2.3,-5.3,35.00561244377007,51.3,5.6,100.999277778896,27.934237661619708,61.184051338183274,-7.87908207937021
2015-11-01,-15.2,27.4,11.5,-1.3,4.7,35.04218169529932,52.0,6.9,101.031026823573,25.61958922223755,61.87057181191176,-10.9320990888065
2015-12-01,-13.3,33.3,14.1,-5.0,15.0,35.699916486336875,52.1,4.8,101.062274163958,23.608919694253757,64.61990966610449,-9.981553606846859
2016-01-01,3.2,23.7,21.7,-5.3,0.2,37.39017283557899,51.65,5.3,101.081843120021,22.682721141880098,61.531260384461405,-9.096052692365289
2016-02-01,-4.5,26.4,15.6,-10.2,2.6,38.289365939253514,52.0,4.5,101.07229467763099,17.4439322245213,47.57264157785773,-7.27816631122667
2016-03-01,-11.9,21.8,21.3,-4.1,-2.1,37.653155818471454,51.400000000000006,7.0,101.013533919379,27.744079387538104,113.72814551341311,-6.3491511210974405
2016-03-31,-2.803225806451613,13.864516129032259,21.493548387096777,2.3838709677419354,0.5129032258064516,37.337640309664266,51.64193548387097,11.548387096774194,100.88829376426223,30.831009695674958,65.8942684390369,-1.5549032021952658
2016-04-01,-2.5,13.6,21.5,2.6,0.6,37.32712312603736,51.65,11.7,100.88411909242501,30.93390737261285,64.29980586989103,-1.39509493823186
2016-04-30,4.846666666666667,11.183333333333334,20.34,0.6666666666666666,-3.3633333333333333,37.39638940616055,52.665,9.573333333333334,100.67089248595154,36.74393964705896,64.95592471233412,-11.729104229511826
2016-05-01,5.1,11.1,20.3,0.6,-3.5,37.398777898578594,52.7,9.5,100.663539844349,36.9442855875571,64.97854950000458,-12.085449377486999
2016-05-31,-0.12580645161290327,9.358064516129033,17.590322580645164,2.2451612903225806,-5.919354838709678,39.29557506749162,53.377419354838715,14.629032258064518,100.35199072229128,42.28494165038338,71.5192206380581,-10.545266428810645
2016-06-01,-0.3,9.3,17.5,2.3,-6.0,39.358801639788716,53.4,14.8,100.341605751556,42.46296351914425,71.73724300932655,-10.4939269971881
2016-06-30,11.88,-0.6566666666666667,13.440000000000001,8.486666666666666,-4.066666666666666,44.95298801350927,53.54500000000001,27.076666666666664,99.94762350967513,45.50063391755367,63.030059951679576,-6.460588328511943
2016-07-01,12.3,-1.0,13.3,8.7,-4.0,45.145890991913426,53.550000000000004,27.5,99.9340379151275,45.60538117267124,62.729812260036574,-6.32150768476449
2016-07-31,-16.34516129032258,4.032258064516129,21.719354838709677,12.667741935483873,-2.4516129032258065,45.423350087532135,53.93709677419355,20.338709677419356,99.50871557415795,55.2969620369606,46.14418190339803,-11.059241941764467
2016-08-01,-17.3,4.2,22.0,12.8,-2.4,45.43259872405276,53.95,20.1,99.4945381627923,55.62001473243691,45.591327558176744,-11.2171664169978
2016-08-31,2.4419354838709677,14.361290322580643,20.354838709677423,10.09032258064516,-8.593548387096776,44.58176900953851,53.61129032258064,18.454838709677418,99.10965144917964,55.40603309505884,103.92442178487609,-10.112735130009348
2016-09-01,3.1,14.7,20.3,10.0,-8.8,44.55340801905471,53.599999999999994,18.4,99.09682189205921,55.3989003738129,105.8688582590994,-10.0759207537764
2016-09-30,8.32,11.51,21.94333333333333,14.350000000000001,-5.513333333333334,49.566728012267546,53.406666666666666,18.110000000000003,98.77920337879188,68.53882326751852,65.414697099372,-9.52457612305237
2016-10-01,8.5,11.4,22.0,14.5,-5.4,49.739601115481776,53.4,18.1,98.76825101626541,68.99192405695665,64.01972602489865,-9.505564239234301
2016-11-01,-7.7,29.8,19.3,21.0,-7.5,48.636777993654476,53.199999999999996,38.7,98.4887156872177,65.40711962603135,63.089381997574485,-6.645110136392891
2016-12-01,-2.4,14.2,16.4,22.3,2.9,47.8236854310216,52.5,38.9,98.2324104050783,87.03586761794506,62.54171590574769,-0.987723592186652
2017-01-01,-11.6,12.6,21.0,25.2,-12.3,47.044610896682094,52.65,41.7,97.9865408759451,98.82414859075374,60.828541572591575,1.8054993150191398
2017-02-01,-14.6,13.3,23.3,27.0,-7.8,45.85489083693253,53.15,42.3,97.74061190381599,98.53422339267999,48.13039881864828,3.1762363952430297
2017-03-01,2.9,28.4,14.5,27.7,-5.9,46.640530362347306,53.55,41.3,97.4906543316119,80.05453717713286,122.16027576162372,1.74529991896162
2017-03-31,4.54516129032258,26.94838709677419,20.112903225806456,28.76451612903226,-3.0935483870967744,45.02382371674769,52.53387096774193,38.78387096774193,97.25632567955208,78.57472052016686,50.048140777407475,-1.1064691142403706
2017-04-01,4.6,26.9,20.3,28.8,-3.0,44.96993349522771,52.5,38.7,97.24851472448341,78.525393298268,47.644402944600266,-1.2015280820137701
2017-04-30,2.3766666666666665,-0.16666666666666685,9.763333333333334,26.383333333333336,-11.796666666666667,43.81872630505816,52.693333333333335,39.95666666666666,97.05117546918235,65.13610931432899,55.09676344633372,3.031542771334775
2017-05-01,2.3,-1.1,9.4,26.3,-12.1,43.77902950539715,52.7,40.0,97.04437066727542,64.67440986660695,55.35374139466935,3.1775107317950697
2017-05-31,4.235483870967742,4.512903225806452,20.335483870967742,29.39677419354839,-9.583870967741936,43.600991124316636,53.038709677419355,41.645161290322584,96.9324359152007,56.67427177433675,66.06485106851878,0.5938578720257361
2017-06-01,4.3,4.7,20.7,29.5,-9.5,43.595056511613954,53.05,41.7,96.92870475679821,56.407600504594406,66.4218880576471,0.507736110033425
2017-06-30,-2.5633333333333335,26.063333333333333,18.863333333333337,18.286666666666665,-8.92,39.95790824727723,52.51833333333333,36.77,96.95221926594714,56.99630611614853,53.18401475795348,9.97107946928821
2017-07-01,-2.8,26.8,18.8,17.9,-8.9,39.83248934161045,52.5,36.6,96.9530301110902,57.0166063096504,52.72753636830887,10.2974016540901
2017-07-31,8.23225806451613,8.316129032258065,20.929032258064517,26.900000000000002,-9.480645161290322,39.95104486486653,54.0483870967742,37.85806451612903,97.14634624926684,63.7734570916189,41.05200786491509,10.22473652613465
2017-08-01,8.6,7.7,21.0,27.2,-9.5,39.954996715641734,54.1,37.9,97.1527901205394,63.99868545101785,40.662823581468636,10.222314355202801
2017-08-31,12.95483870967742,12.635483870967743,18.58064516129032,26.32903225806452,-11.048387096774194,38.098275765616734,53.809677419354834,38.19032258064516,97.5280002588512,68.58773963081185,91.71429022010028,16.82385314588719
2017-09-01,13.1,12.8,18.5,26.3,-11.1,38.03638506728256,53.8,38.2,97.54050726346159,68.74070810347165,93.41600577472134,17.04390443891
2017-09-30,15.420000000000002,1.2966666666666666,13.763333333333334,26.78333333333333,-2.3033333333333332,36.692552907141724,53.60666666666667,35.879999999999995,98.05319435160345,65.10393841707722,52.16159665158988,15.443543043411157
2017-10-01,15.5,0.9,13.6,26.8,-2.0,36.64621386713687,53.6,35.8,98.07087321671179,64.97853256582223,50.739030819757765,15.3883581677043
2017-11-01,3.6,21.8,3.5,19.6,-15.7,36.79697672214457,53.75,34.5,98.6483418185038,76.10123322607015,52.386074305914036,15.4546692643615
2017-12-01,-1.7,4.6,4.4,21.0,0.4,35.94577537803036,52.7,34.3,99.1724662872111,70.29813784985255,50.22692242895963,12.4857117967972
2018-01-01,-6.0,4.3,15.1,35.1,-4.1,33.57284599517246,52.800000000000004,38.6,99.61872784088051,74.2028771553099,53.05377916161695,19.9682359514537
2018-02-01,-1.3,29.1,21.2,20.3,-5.6,33.21367839313087,51.800000000000004,37.9,99.9968618775766,68.9912787807063,44.07718439566667,14.957991097087701
2018-03-01,2.2,22.5,16.2,16.5,-3.8,32.817425342811084,51.800000000000004,34.4,100.317517362084,72.29578719734386,99.6479438697811,17.4670555413981
2018-03-31,2.7806451612903222,20.85483870967742,26.55483870967742,16.596774193548388,-4.574193548387097,32.99036599615708,52.67096774193549,36.62580645161291,100.57099864829883,75.53334178349206,59.3876693167236,7.03797507308611
2018-04-01,2.8,20.8,26.9,16.6,-4.6,32.996130684601944,52.7,36.7,100.579448024506,75.641260269697,58.04566016495502,6.69033905747571
2018-04-30,8.213333333333335,23.506666666666668,20.32666666666667,18.92,-7.306666666666667,36.665460048188294,52.7,33.510000000000005,100.79198640023704,95.26987838013865,61.506078115780646,5.248318745741338
2018-05-01,8.4,23.6,20.1,19.0,-7.4,36.791988646932644,52.7,33.4,100.79931530974501,95.9467272804987,61.62540287270567,5.1985939074056695
2018-05-31,-2.2451612903225806,22.051612903225806,11.100000000000001,16.483870967741932,-5.6580645161290315,37.370575771815766,53.03870967741936,36.109677419354846,101.00296131519241,101.02889906139247,65.7009001109677,11.99401053417957
2018-06-01,-2.6,22.0,10.8,16.4,-5.6,37.38986200931187,53.050000000000004,36.2,101.009749515374,101.19830478742226,65.83675001890975,12.220524421738698
2018-06-30,2.1366666666666667,20.453333333333333,18.05,17.849999999999998,-8.016666666666667,38.45103768696751,53.72666666666667,32.623333333333335,101.21980675997877,97.40044997082755,55.96333142742802,6.466688640984861
2018-07-01,2.3,20.4,18.3,17.9,-8.1,38.487629951714254,53.75,32.5,101.227050113241,97.2694894599105,55.622868717376925,6.26828051061404
2018-07-31,-9.990322580645161,26.69032258064516,11.719354838709677,17.99677419354839,-8.390322580645162,39.9430248069813,53.314516129032256,38.79032258064516,101.42158510243519,95.94693066702553,60.26514003505617,5.5856223399279825
2018-08-01,-10.4,26.9,11.5,18.0,-8.4,39.99153796882353,53.3,39.0,101.428069602075,95.90284537392935,60.41988241231214,5.562867067571781
2018-08-31,-4.3032258064516125,19.835483870967742,19.629032258064516,17.516129032258068,-2.5935483870967744,39.91291409353475,53.73548387096774,39.0,101.58851845725049,98.39886045886496,70.13924353883552,3.4107237495787577
2018-09-01,-4.1,19.6,19.9,17.5,-2.4,39.910293297691794,53.75,39.0,101.593866752423,98.48206096169615,70.46322224305295,3.3389856389789903
2018-09-30,3.15,14.379999999999999,5.9799999999999995,15.76,-7.523333333333333,39.87980811099819,54.620000000000005,36.87333333333333,101.71740139256856,101.82981764730829,52.38937840448566,2.1501249730232828
2018-10-01,3.4,14.2,5.5,15.7,-7.7,39.87875689766393,54.650000000000006,36.8,101.721661207746,101.94525753301906,51.76614241005231,2.1091297776455
2018-11-01,4.5,21.9,16.9,10.9,-8.4,40.56388880046017,54.55,36.8,101.805665456264,74.26396030768294,53.39431588401962,-1.55498443482776
2018-12-01,4.4,3.3,13.3,10.1,-16.4,42.400272323696406,55.05,40.2,101.82548312224701,59.77448541092224,49.94245753724173,-6.44747032671784
2019-01-01,2.5,19.6,7.1,9.5,-16.0,42.15130624741799,55.349999999999994,39.7,101.768642108876,60.59115457496371,54.112165447351934,-5.95773530667786
2019-02-01,4.8,19.4,14.1,15.0,-21.4,41.80347004213687,55.599999999999994,46.1,101.637715238673,71.64190378698403,45.870765189972595,-2.0607024608208
2019-03-01,1.6,17.4,16.1,4.3,-15.2,40.978907532101886,55.7,46.0,101.455423029426,74.10345585172885,97.89107541524577,4.27667778418858
2019-03-31,-15.141935483870968,13.819354838709677,20.648387096774194,-0.054838709677419384,-15.683870967741935,41.985261311245516,56.86129032258064,43.67741935483871,101.25600778806889,81.05675839954998,55.05790411620419,-5.385176009473135
2019-04-01,-15.7,13.7,20.8,-0.2,-15.7,42.01880643721697,56.9,43.6,101.24936061335698,81.288535151144,53.63013173956947,-5.707237802595191
2019-04-30,-8.16,2.2933333333333334,20.509999999999998,-0.5866666666666667,-19.953333333333337,41.5225176157976,57.335,41.376666666666665,101.04941882180528,76.50525226204611,55.952241533075856,-0.7091223748168225
2019-05-01,-7.9,1.9,20.5,-0.6,-20.1,41.505404208162446,57.35,41.3,101.042524277269,76.34031147276687,56.032314284576074,-0.536773566962396
2019-05-31,-5.964516129032258,8.770967741935484,18.661290322580648,5.593548387096774,-19.616129032258065,42.013913725381606,57.156451612903226,40.52580645161291,100.85901489435447,66.81434211151492,62.344010028496285,-3.593546479573674
2019-06-01,-5.9,9.0,18.6,5.8,-19.6,42.03086404262224,57.15,40.5,100.85289791492399,66.49680979947318,62.55439988662695,-3.6954389099940497
2019-06-30,5.796666666666667,7.453333333333333,27.39666666666667,14.21,-21.243333333333332,42.964073591030136,56.90833333333333,39.24333333333334,100.69817699967702,68.7203777872708,51.6813510533938,-6.165861217922902
2019-07-01,6.2,7.4,27.7,14.5,-21.3,42.99625323063041,56.9,39.2,100.69284179570299,68.79705254547073,51.30641833500645,-6.25104819405838
2019-07-31,16.361290322580643,-12.729032258064517,41.05483870967742,0.27419354838709675,-20.429032258064517,44.11423443291189,56.9,46.84516129032259,100.57104239374621,64.81290048530747,52.623627975035006,-5.535263129030468
2019-08-01,16.7,-13.4,41.5,-0.2,-20.4,44.15150047298794,56.9,47.1,100.56698241368099,64.68009541663535,52.66753496303596,-5.5114036268628706
2019-08-31,-7.687096774193549,-13.109677419354838,12.661290322580644,13.058064516129033,-19.238709677419354,43.428132528064566,57.52903225806452,47.58387096774194,100.47612765348745,61.56368158768085,76.17683177022826,-5.5114036268628706
2019-09-01,-8.5,-13.1,11.7,13.5,-19.2,43.40402026323378,57.55,47.6,100.473099161481,61.459801126715696,76.96047499713467,-5.5114036268628706
2019-09-30,-8.5,-13.1,11.7,13.5,-19.2,43.40402026323378,57.55,47.6,100.473099161481,61.459801126715696,76.96047499713467,-5.5114036268628706
2019-10-25,-8.5,-13.1,11.7,13.5,-19.2,43.40402026323378,57.55,47.6,100.473099161481,61.459801126715696,76.96047499713467,-5.5114036268628706
